name;subjectType;amountPerWeek;schoolClasses;students;teacher;roomNumber
8/a+c/REL/KA;RELIGION_CA;1;8A|8C;d57449_452387_372|1022a8_99323a_384|ad3fb3_ade1e8_396|4ca074_3a6c91_408|69f676_2e364b_420|e39f89_be50bf_432|d4d719_594f94_444|2cacb1_3fdf35_456|9c334b_d4b8da_468|ddcf6a_f6d7e6_480|31101e_6563b3_370|21684d_9ab683_382|782731_cd9efa_394|da6e34_af0b7f_406|52b24b_5a6682_418|9f821e_b84624_430|b53123_b6d470_442|0d7acd_c4c9b2_454|6423b6_0a109f_466|d53f45_53c8f2_478;;-1
8/a+c/REL/ET;RELIGION_ET;1;8A|8C;ade61b_1c7012_364|7f28ae_c70425_376|38d8e1_f3a1fe_388|15e215_949674_400|f94cc3_7b7124_412|5ca83d_88e97c_424|5d0a1d_cf8c60_436|387b67_f792cf_448|6b362b_7f4f0c_460|fb7b9a_df39ee_472|a24c19_e34e10_362|c2c98d_088c13_374|7d2018_8a04a6_386|f232bd_2e9699_398|de20a5_bbc737_410|46dc53_62d2fa_422|d1549e_329430_434|d02b4a_c03073_446|b2dbb6_213478_458|eadb1b_5919fd_470;;-1
8/a+c/REL/EV;RELIGION_EV;1;8A|8C;289eb2_fdfe8c_368|5f3666_89c83f_380|a73917_a62e4b_392|23992d_949d5a_404|b83650_c7cbc2_416|556b3a_6d46b2_428|2383e3_4234b2_440|d0acde_3b38f9_452|553184_0ae154_464|c9887f_1c0747_476|07d8a7_982ac8_366|e65759_1d11a0_378|30f755_08c487_390|19bb82_806506_402|9dacb0_e512f3_414|147ace_a5631e_426|420de8_a4299b_438|e2f425_9be6bd_450|44b749_ba8a1e_462|744cf4_fba826_474;;-1
8/b+d/REL/KA;RELIGION_CA;1;8B|8D;68ed0d_8e9cf1_363|2688cb_ac31e9_375|a06063_f68d59_387|b272e2_93e14d_399|75b95e_4b8ef8_411|710ce6_a1c069_423|fcb542_43da31_435|014cbd_cd9066_447|b5f581_9c4ab7_459|08e9b4_6cabf7_471|fe867d_12ef1e_361|21f4f7_f46dd9_373|b35af0_bb9318_385|e1ea02_048fdd_397|faa787_0e78e0_409|1b1d9f_3e9ea0_421|9aca5f_5c1a53_433|702c2f_29880d_445|833d3e_db7615_457|5b0768_1b5565_469;;-1
8/b+d/REL/ET;RELIGION_ET;1;8B|8D;fb1fa3_82d054_367|584464_5a239b_379|139618_40faad_391|042ec8_d61d89_403|4519a8_faa54b_415|3545d4_a0adc0_427|a50128_64465d_439|ce573e_946360_451|1dff7e_04d58b_463|c38b8c_f78042_475|f83acd_715ec1_365|dd8997_fd7375_377|0195a0_10a318_389|2e744b_56052f_401|3bd073_6f91dc_413|087d00_70122f_425|a87924_a2eab2_437|92df02_9dc2a7_449|55eb94_6f9fff_461|eb591e_cf7111_473;;-1
8/b+d/REL/EV;RELIGION_EV;1;8B|8D;4cff77_cf4182_371|d7e810_58d3ef_383|a981df_ccb096_395|e7e27c_49777a_407|091be8_880b86_419|a15958_b2edde_431|315708_c382ef_443|d00b21_620cfd_455|9ee087_6c3128_467|e6c181_be8092_479|90b77e_6b540d_369|ec9478_d4375d_381|e39055_4c1166_393|4c9040_ad76bb_405|4f0061_39f81c_417|6ec40e_bf1eb1_429|dd3a31_a322c7_441|f832c9_8cc396_453|cafa7c_b6cd9c_465|522cf2_136e38_477;;-1
8/a+c/DEU/GK;GERMAN;4;8A|8C;d57449_452387_372|1022a8_99323a_384|ad3fb3_ade1e8_396|4ca074_3a6c91_408|69f676_2e364b_420|e39f89_be50bf_432|d4d719_594f94_444|2cacb1_3fdf35_456|9c334b_d4b8da_468|ddcf6a_f6d7e6_480|31101e_6563b3_370|21684d_9ab683_382|782731_cd9efa_394|da6e34_af0b7f_406|52b24b_5a6682_418|9f821e_b84624_430|b53123_b6d470_442|0d7acd_c4c9b2_454|6423b6_0a109f_466|d53f45_53c8f2_478;;-1
8/a+c/DEU/E1;GERMAN;4;8A|8C;289eb2_fdfe8c_368|5f3666_89c83f_380|a73917_a62e4b_392|23992d_949d5a_404|b83650_c7cbc2_416|556b3a_6d46b2_428|2383e3_4234b2_440|d0acde_3b38f9_452|553184_0ae154_464|c9887f_1c0747_476|07d8a7_982ac8_366|e65759_1d11a0_378|30f755_08c487_390|19bb82_806506_402|9dacb0_e512f3_414|147ace_a5631e_426|420de8_a4299b_438|e2f425_9be6bd_450|44b749_ba8a1e_462|744cf4_fba826_474;;-1
8/a+c/DEU/E2;GERMAN;4;8A|8C;ade61b_1c7012_364|7f28ae_c70425_376|38d8e1_f3a1fe_388|15e215_949674_400|f94cc3_7b7124_412|5ca83d_88e97c_424|5d0a1d_cf8c60_436|387b67_f792cf_448|6b362b_7f4f0c_460|fb7b9a_df39ee_472|a24c19_e34e10_362|c2c98d_088c13_374|7d2018_8a04a6_386|f232bd_2e9699_398|de20a5_bbc737_410|46dc53_62d2fa_422|d1549e_329430_434|d02b4a_c03073_446|b2dbb6_213478_458|eadb1b_5919fd_470;;-1
8/b+d/DEU/GK;GERMAN;4;8B|8D;4cff77_cf4182_371|d7e810_58d3ef_383|a981df_ccb096_395|e7e27c_49777a_407|091be8_880b86_419|a15958_b2edde_431|315708_c382ef_443|d00b21_620cfd_455|9ee087_6c3128_467|e6c181_be8092_479|90b77e_6b540d_369|ec9478_d4375d_381|e39055_4c1166_393|4c9040_ad76bb_405|4f0061_39f81c_417|6ec40e_bf1eb1_429|dd3a31_a322c7_441|f832c9_8cc396_453|cafa7c_b6cd9c_465|522cf2_136e38_477;;-1
8/b+d/DEU/E1;GERMAN;4;8B|8D;68ed0d_8e9cf1_363|2688cb_ac31e9_375|a06063_f68d59_387|b272e2_93e14d_399|75b95e_4b8ef8_411|710ce6_a1c069_423|fcb542_43da31_435|014cbd_cd9066_447|b5f581_9c4ab7_459|08e9b4_6cabf7_471|fe867d_12ef1e_361|21f4f7_f46dd9_373|b35af0_bb9318_385|e1ea02_048fdd_397|faa787_0e78e0_409|1b1d9f_3e9ea0_421|9aca5f_5c1a53_433|702c2f_29880d_445|833d3e_db7615_457|5b0768_1b5565_469;;-1
8/b+d/DEU/E2;GERMAN;4;8B|8D;fb1fa3_82d054_367|584464_5a239b_379|139618_40faad_391|042ec8_d61d89_403|4519a8_faa54b_415|3545d4_a0adc0_427|a50128_64465d_439|ce573e_946360_451|1dff7e_04d58b_463|c38b8c_f78042_475|f83acd_715ec1_365|dd8997_fd7375_377|0195a0_10a318_389|2e744b_56052f_401|3bd073_6f91dc_413|087d00_70122f_425|a87924_a2eab2_437|92df02_9dc2a7_449|55eb94_6f9fff_461|eb591e_cf7111_473;;-1
8/a+c/ENG/GK;ENGLISH;4;8A|8C;eadb1b_5919fd_470|b2dbb6_213478_458|d02b4a_c03073_446|d1549e_329430_434|46dc53_62d2fa_422|de20a5_bbc737_410|f232bd_2e9699_398|7d2018_8a04a6_386|c2c98d_088c13_374|a24c19_e34e10_362|fb7b9a_df39ee_472|6b362b_7f4f0c_460|387b67_f792cf_448|5d0a1d_cf8c60_436|5ca83d_88e97c_424|f94cc3_7b7124_412|15e215_949674_400|38d8e1_f3a1fe_388|7f28ae_c70425_376|ade61b_1c7012_364;;-1
8/a+c/ENG/E1;ENGLISH;4;8A|8C;744cf4_fba826_474|44b749_ba8a1e_462|e2f425_9be6bd_450|420de8_a4299b_438|147ace_a5631e_426|9dacb0_e512f3_414|19bb82_806506_402|30f755_08c487_390|e65759_1d11a0_378|07d8a7_982ac8_366|c9887f_1c0747_476|553184_0ae154_464|d0acde_3b38f9_452|2383e3_4234b2_440|556b3a_6d46b2_428|b83650_c7cbc2_416|23992d_949d5a_404|a73917_a62e4b_392|5f3666_89c83f_380|289eb2_fdfe8c_368;;-1
8/a+c/ENG/E2;ENGLISH;4;8A|8C;d53f45_53c8f2_478|6423b6_0a109f_466|0d7acd_c4c9b2_454|b53123_b6d470_442|9f821e_b84624_430|52b24b_5a6682_418|da6e34_af0b7f_406|782731_cd9efa_394|21684d_9ab683_382|31101e_6563b3_370|ddcf6a_f6d7e6_480|9c334b_d4b8da_468|2cacb1_3fdf35_456|d4d719_594f94_444|e39f89_be50bf_432|69f676_2e364b_420|4ca074_3a6c91_408|ad3fb3_ade1e8_396|1022a8_99323a_384|d57449_452387_372;;-1
8/b+d/ENG/GK;ENGLISH;4;8B|8D;5b0768_1b5565_469|833d3e_db7615_457|702c2f_29880d_445|9aca5f_5c1a53_433|1b1d9f_3e9ea0_421|faa787_0e78e0_409|e1ea02_048fdd_397|b35af0_bb9318_385|21f4f7_f46dd9_373|fe867d_12ef1e_361|08e9b4_6cabf7_471|b5f581_9c4ab7_459|014cbd_cd9066_447|fcb542_43da31_435|710ce6_a1c069_423|75b95e_4b8ef8_411|b272e2_93e14d_399|a06063_f68d59_387|2688cb_ac31e9_375|68ed0d_8e9cf1_363;;-1
8/b+d/ENG/E1;ENGLISH;4;8B|8D;eb591e_cf7111_473|55eb94_6f9fff_461|92df02_9dc2a7_449|a87924_a2eab2_437|087d00_70122f_425|3bd073_6f91dc_413|2e744b_56052f_401|0195a0_10a318_389|dd8997_fd7375_377|f83acd_715ec1_365|c38b8c_f78042_475|1dff7e_04d58b_463|ce573e_946360_451|a50128_64465d_439|3545d4_a0adc0_427|4519a8_faa54b_415|042ec8_d61d89_403|139618_40faad_391|584464_5a239b_379|fb1fa3_82d054_367;;-1
8/b+d/ENG/E2;ENGLISH;4;8B|8D;522cf2_136e38_477|cafa7c_b6cd9c_465|f832c9_8cc396_453|dd3a31_a322c7_441|6ec40e_bf1eb1_429|4f0061_39f81c_417|4c9040_ad76bb_405|e39055_4c1166_393|ec9478_d4375d_381|90b77e_6b540d_369|e6c181_be8092_479|9ee087_6c3128_467|d00b21_620cfd_455|315708_c382ef_443|a15958_b2edde_431|091be8_880b86_419|e7e27c_49777a_407|a981df_ccb096_395|d7e810_58d3ef_383|4cff77_cf4182_371;;-1
8/a+c/MAT/GK;MATHS;4;8A|8C;eadb1b_5919fd_470|b2dbb6_213478_458|d02b4a_c03073_446|d1549e_329430_434|46dc53_62d2fa_422|de20a5_bbc737_410|f232bd_2e9699_398|7d2018_8a04a6_386|c2c98d_088c13_374|a24c19_e34e10_362|fb7b9a_df39ee_472|6b362b_7f4f0c_460|387b67_f792cf_448|5d0a1d_cf8c60_436|5ca83d_88e97c_424|f94cc3_7b7124_412|15e215_949674_400|38d8e1_f3a1fe_388|7f28ae_c70425_376|ade61b_1c7012_364;;-1
8/a+c/MAT/E1;MATHS;4;8A|8C;d53f45_53c8f2_478|6423b6_0a109f_466|0d7acd_c4c9b2_454|b53123_b6d470_442|9f821e_b84624_430|52b24b_5a6682_418|da6e34_af0b7f_406|782731_cd9efa_394|21684d_9ab683_382|31101e_6563b3_370|ddcf6a_f6d7e6_480|9c334b_d4b8da_468|2cacb1_3fdf35_456|d4d719_594f94_444|e39f89_be50bf_432|69f676_2e364b_420|4ca074_3a6c91_408|ad3fb3_ade1e8_396|1022a8_99323a_384|d57449_452387_372;;-1
8/a+c/MAT/E2;MATHS;4;8A|8C;744cf4_fba826_474|44b749_ba8a1e_462|e2f425_9be6bd_450|420de8_a4299b_438|147ace_a5631e_426|9dacb0_e512f3_414|19bb82_806506_402|30f755_08c487_390|e65759_1d11a0_378|07d8a7_982ac8_366|c9887f_1c0747_476|553184_0ae154_464|d0acde_3b38f9_452|2383e3_4234b2_440|556b3a_6d46b2_428|b83650_c7cbc2_416|23992d_949d5a_404|a73917_a62e4b_392|5f3666_89c83f_380|289eb2_fdfe8c_368;;-1
8/b+d/MAT/GK;MATHS;4;8B|8D;522cf2_136e38_477|cafa7c_b6cd9c_465|f832c9_8cc396_453|dd3a31_a322c7_441|6ec40e_bf1eb1_429|4f0061_39f81c_417|4c9040_ad76bb_405|e39055_4c1166_393|ec9478_d4375d_381|90b77e_6b540d_369|e6c181_be8092_479|9ee087_6c3128_467|d00b21_620cfd_455|315708_c382ef_443|a15958_b2edde_431|091be8_880b86_419|e7e27c_49777a_407|a981df_ccb096_395|d7e810_58d3ef_383|4cff77_cf4182_371;;-1
8/b+d/MAT/E1;MATHS;4;8B|8D;5b0768_1b5565_469|833d3e_db7615_457|702c2f_29880d_445|9aca5f_5c1a53_433|1b1d9f_3e9ea0_421|faa787_0e78e0_409|e1ea02_048fdd_397|b35af0_bb9318_385|21f4f7_f46dd9_373|fe867d_12ef1e_361|08e9b4_6cabf7_471|b5f581_9c4ab7_459|014cbd_cd9066_447|fcb542_43da31_435|710ce6_a1c069_423|75b95e_4b8ef8_411|b272e2_93e14d_399|a06063_f68d59_387|2688cb_ac31e9_375|68ed0d_8e9cf1_363;;-1
8/b+d/MAT/E2;MATHS;4;8B|8D;eb591e_cf7111_473|55eb94_6f9fff_461|92df02_9dc2a7_449|a87924_a2eab2_437|087d00_70122f_425|3bd073_6f91dc_413|2e744b_56052f_401|0195a0_10a318_389|dd8997_fd7375_377|f83acd_715ec1_365|c38b8c_f78042_475|1dff7e_04d58b_463|ce573e_946360_451|a50128_64465d_439|3545d4_a0adc0_427|4519a8_faa54b_415|042ec8_d61d89_403|139618_40faad_391|584464_5a239b_379|fb1fa3_82d054_367;;-1
8/a/1;COOKING;2;8A;289eb2_fdfe8c_368|7f28ae_c70425_376|1022a8_99323a_384|a73917_a62e4b_392|15e215_949674_400|4ca074_3a6c91_408|b83650_c7cbc2_416|5ca83d_88e97c_424|e39f89_be50bf_432|2383e3_4234b2_440|387b67_f792cf_448|2cacb1_3fdf35_456|553184_0ae154_464|fb7b9a_df39ee_472|ddcf6a_f6d7e6_480;;-1
8/a/2;WORK;2;8A;ade61b_1c7012_364|d57449_452387_372|5f3666_89c83f_380|38d8e1_f3a1fe_388|ad3fb3_ade1e8_396|23992d_949d5a_404|f94cc3_7b7124_412|69f676_2e364b_420|556b3a_6d46b2_428|5d0a1d_cf8c60_436|d4d719_594f94_444|d0acde_3b38f9_452|6b362b_7f4f0c_460|9c334b_d4b8da_468|c9887f_1c0747_476;;-1
8/b/1;COOKING;2;8B;fb1fa3_82d054_367|2688cb_ac31e9_375|d7e810_58d3ef_383|139618_40faad_391|b272e2_93e14d_399|e7e27c_49777a_407|4519a8_faa54b_415|710ce6_a1c069_423|a15958_b2edde_431|a50128_64465d_439|014cbd_cd9066_447|d00b21_620cfd_455|1dff7e_04d58b_463|08e9b4_6cabf7_471|e6c181_be8092_479;;-1
8/b/2;WORK;2;8B;68ed0d_8e9cf1_363|4cff77_cf4182_371|584464_5a239b_379|a06063_f68d59_387|a981df_ccb096_395|042ec8_d61d89_403|75b95e_4b8ef8_411|091be8_880b86_419|3545d4_a0adc0_427|fcb542_43da31_435|315708_c382ef_443|ce573e_946360_451|b5f581_9c4ab7_459|9ee087_6c3128_467|c38b8c_f78042_475;;-1
8/c/1;COOKING;2;8C;07d8a7_982ac8_366|c2c98d_088c13_374|21684d_9ab683_382|30f755_08c487_390|f232bd_2e9699_398|da6e34_af0b7f_406|9dacb0_e512f3_414|46dc53_62d2fa_422|9f821e_b84624_430|420de8_a4299b_438|d02b4a_c03073_446|0d7acd_c4c9b2_454|44b749_ba8a1e_462|eadb1b_5919fd_470|d53f45_53c8f2_478;;-1
8/c/2;WORK;2;8C;a24c19_e34e10_362|31101e_6563b3_370|e65759_1d11a0_378|7d2018_8a04a6_386|782731_cd9efa_394|19bb82_806506_402|de20a5_bbc737_410|52b24b_5a6682_418|147ace_a5631e_426|d1549e_329430_434|b53123_b6d470_442|e2f425_9be6bd_450|b2dbb6_213478_458|6423b6_0a109f_466|744cf4_fba826_474;;-1
8/d/1;COOKING;2;8D;fe867d_12ef1e_361|90b77e_6b540d_369|dd8997_fd7375_377|b35af0_bb9318_385|e39055_4c1166_393|2e744b_56052f_401|faa787_0e78e0_409|4f0061_39f81c_417|087d00_70122f_425|9aca5f_5c1a53_433|dd3a31_a322c7_441|92df02_9dc2a7_449|833d3e_db7615_457|cafa7c_b6cd9c_465|eb591e_cf7111_473;;-1
8/d/2;WORK;2;8D;f83acd_715ec1_365|21f4f7_f46dd9_373|ec9478_d4375d_381|0195a0_10a318_389|e1ea02_048fdd_397|4c9040_ad76bb_405|3bd073_6f91dc_413|1b1d9f_3e9ea0_421|6ec40e_bf1eb1_429|a87924_a2eab2_437|702c2f_29880d_445|f832c9_8cc396_453|55eb94_6f9fff_461|5b0768_1b5565_469|522cf2_136e38_477;;-1
8/a;SOCIETY_SCIENCE;2;8A;ade61b_1c7012_364|289eb2_fdfe8c_368|d57449_452387_372|7f28ae_c70425_376|5f3666_89c83f_380|1022a8_99323a_384|38d8e1_f3a1fe_388|a73917_a62e4b_392|ad3fb3_ade1e8_396|15e215_949674_400|23992d_949d5a_404|4ca074_3a6c91_408|f94cc3_7b7124_412|b83650_c7cbc2_416|69f676_2e364b_420|5ca83d_88e97c_424|556b3a_6d46b2_428|e39f89_be50bf_432|5d0a1d_cf8c60_436|2383e3_4234b2_440|d4d719_594f94_444|387b67_f792cf_448|d0acde_3b38f9_452|2cacb1_3fdf35_456|6b362b_7f4f0c_460|553184_0ae154_464|9c334b_d4b8da_468|fb7b9a_df39ee_472|c9887f_1c0747_476|ddcf6a_f6d7e6_480;;-1
8/b;SOCIETY_SCIENCE;2;8B;68ed0d_8e9cf1_363|fb1fa3_82d054_367|4cff77_cf4182_371|2688cb_ac31e9_375|584464_5a239b_379|d7e810_58d3ef_383|a06063_f68d59_387|139618_40faad_391|a981df_ccb096_395|b272e2_93e14d_399|042ec8_d61d89_403|e7e27c_49777a_407|75b95e_4b8ef8_411|4519a8_faa54b_415|091be8_880b86_419|710ce6_a1c069_423|3545d4_a0adc0_427|a15958_b2edde_431|fcb542_43da31_435|a50128_64465d_439|315708_c382ef_443|014cbd_cd9066_447|ce573e_946360_451|d00b21_620cfd_455|b5f581_9c4ab7_459|1dff7e_04d58b_463|9ee087_6c3128_467|08e9b4_6cabf7_471|c38b8c_f78042_475|e6c181_be8092_479;;-1
8/c;SOCIETY_SCIENCE;2;8C;a24c19_e34e10_362|07d8a7_982ac8_366|31101e_6563b3_370|c2c98d_088c13_374|e65759_1d11a0_378|21684d_9ab683_382|7d2018_8a04a6_386|30f755_08c487_390|782731_cd9efa_394|f232bd_2e9699_398|19bb82_806506_402|da6e34_af0b7f_406|de20a5_bbc737_410|9dacb0_e512f3_414|52b24b_5a6682_418|46dc53_62d2fa_422|147ace_a5631e_426|9f821e_b84624_430|d1549e_329430_434|420de8_a4299b_438|b53123_b6d470_442|d02b4a_c03073_446|e2f425_9be6bd_450|0d7acd_c4c9b2_454|b2dbb6_213478_458|44b749_ba8a1e_462|6423b6_0a109f_466|eadb1b_5919fd_470|744cf4_fba826_474|d53f45_53c8f2_478;;-1
8/d;SOCIETY_SCIENCE;2;8D;fe867d_12ef1e_361|f83acd_715ec1_365|90b77e_6b540d_369|21f4f7_f46dd9_373|dd8997_fd7375_377|ec9478_d4375d_381|b35af0_bb9318_385|0195a0_10a318_389|e39055_4c1166_393|e1ea02_048fdd_397|2e744b_56052f_401|4c9040_ad76bb_405|faa787_0e78e0_409|3bd073_6f91dc_413|4f0061_39f81c_417|1b1d9f_3e9ea0_421|087d00_70122f_425|6ec40e_bf1eb1_429|9aca5f_5c1a53_433|a87924_a2eab2_437|dd3a31_a322c7_441|702c2f_29880d_445|92df02_9dc2a7_449|f832c9_8cc396_453|833d3e_db7615_457|55eb94_6f9fff_461|cafa7c_b6cd9c_465|5b0768_1b5565_469|eb591e_cf7111_473|522cf2_136e38_477;;-1
8/a;CHEMISTRY;2;8A;ade61b_1c7012_364|289eb2_fdfe8c_368|d57449_452387_372|7f28ae_c70425_376|5f3666_89c83f_380|1022a8_99323a_384|38d8e1_f3a1fe_388|a73917_a62e4b_392|ad3fb3_ade1e8_396|15e215_949674_400|23992d_949d5a_404|4ca074_3a6c91_408|f94cc3_7b7124_412|b83650_c7cbc2_416|69f676_2e364b_420|5ca83d_88e97c_424|556b3a_6d46b2_428|e39f89_be50bf_432|5d0a1d_cf8c60_436|2383e3_4234b2_440|d4d719_594f94_444|387b67_f792cf_448|d0acde_3b38f9_452|2cacb1_3fdf35_456|6b362b_7f4f0c_460|553184_0ae154_464|9c334b_d4b8da_468|fb7b9a_df39ee_472|c9887f_1c0747_476|ddcf6a_f6d7e6_480;;-1
8/b;CHEMISTRY;2;8B;68ed0d_8e9cf1_363|fb1fa3_82d054_367|4cff77_cf4182_371|2688cb_ac31e9_375|584464_5a239b_379|d7e810_58d3ef_383|a06063_f68d59_387|139618_40faad_391|a981df_ccb096_395|b272e2_93e14d_399|042ec8_d61d89_403|e7e27c_49777a_407|75b95e_4b8ef8_411|4519a8_faa54b_415|091be8_880b86_419|710ce6_a1c069_423|3545d4_a0adc0_427|a15958_b2edde_431|fcb542_43da31_435|a50128_64465d_439|315708_c382ef_443|014cbd_cd9066_447|ce573e_946360_451|d00b21_620cfd_455|b5f581_9c4ab7_459|1dff7e_04d58b_463|9ee087_6c3128_467|08e9b4_6cabf7_471|c38b8c_f78042_475|e6c181_be8092_479;;-1
8/c;CHEMISTRY;2;8C;a24c19_e34e10_362|07d8a7_982ac8_366|31101e_6563b3_370|c2c98d_088c13_374|e65759_1d11a0_378|21684d_9ab683_382|7d2018_8a04a6_386|30f755_08c487_390|782731_cd9efa_394|f232bd_2e9699_398|19bb82_806506_402|da6e34_af0b7f_406|de20a5_bbc737_410|9dacb0_e512f3_414|52b24b_5a6682_418|46dc53_62d2fa_422|147ace_a5631e_426|9f821e_b84624_430|d1549e_329430_434|420de8_a4299b_438|b53123_b6d470_442|d02b4a_c03073_446|e2f425_9be6bd_450|0d7acd_c4c9b2_454|b2dbb6_213478_458|44b749_ba8a1e_462|6423b6_0a109f_466|eadb1b_5919fd_470|744cf4_fba826_474|d53f45_53c8f2_478;;-1
8/d;CHEMISTRY;2;8D;fe867d_12ef1e_361|f83acd_715ec1_365|90b77e_6b540d_369|21f4f7_f46dd9_373|dd8997_fd7375_377|ec9478_d4375d_381|b35af0_bb9318_385|0195a0_10a318_389|e39055_4c1166_393|e1ea02_048fdd_397|2e744b_56052f_401|4c9040_ad76bb_405|faa787_0e78e0_409|3bd073_6f91dc_413|4f0061_39f81c_417|1b1d9f_3e9ea0_421|087d00_70122f_425|6ec40e_bf1eb1_429|9aca5f_5c1a53_433|a87924_a2eab2_437|dd3a31_a322c7_441|702c2f_29880d_445|92df02_9dc2a7_449|f832c9_8cc396_453|833d3e_db7615_457|55eb94_6f9fff_461|cafa7c_b6cd9c_465|5b0768_1b5565_469|eb591e_cf7111_473|522cf2_136e38_477;;-1
8/a;PHYSICS;2;8A;ade61b_1c7012_364|289eb2_fdfe8c_368|d57449_452387_372|7f28ae_c70425_376|5f3666_89c83f_380|1022a8_99323a_384|38d8e1_f3a1fe_388|a73917_a62e4b_392|ad3fb3_ade1e8_396|15e215_949674_400|23992d_949d5a_404|4ca074_3a6c91_408|f94cc3_7b7124_412|b83650_c7cbc2_416|69f676_2e364b_420|5ca83d_88e97c_424|556b3a_6d46b2_428|e39f89_be50bf_432|5d0a1d_cf8c60_436|2383e3_4234b2_440|d4d719_594f94_444|387b67_f792cf_448|d0acde_3b38f9_452|2cacb1_3fdf35_456|6b362b_7f4f0c_460|553184_0ae154_464|9c334b_d4b8da_468|fb7b9a_df39ee_472|c9887f_1c0747_476|ddcf6a_f6d7e6_480;;-1
8/b;PHYSICS;2;8B;68ed0d_8e9cf1_363|fb1fa3_82d054_367|4cff77_cf4182_371|2688cb_ac31e9_375|584464_5a239b_379|d7e810_58d3ef_383|a06063_f68d59_387|139618_40faad_391|a981df_ccb096_395|b272e2_93e14d_399|042ec8_d61d89_403|e7e27c_49777a_407|75b95e_4b8ef8_411|4519a8_faa54b_415|091be8_880b86_419|710ce6_a1c069_423|3545d4_a0adc0_427|a15958_b2edde_431|fcb542_43da31_435|a50128_64465d_439|315708_c382ef_443|014cbd_cd9066_447|ce573e_946360_451|d00b21_620cfd_455|b5f581_9c4ab7_459|1dff7e_04d58b_463|9ee087_6c3128_467|08e9b4_6cabf7_471|c38b8c_f78042_475|e6c181_be8092_479;;-1
8/c;PHYSICS;2;8C;a24c19_e34e10_362|07d8a7_982ac8_366|31101e_6563b3_370|c2c98d_088c13_374|e65759_1d11a0_378|21684d_9ab683_382|7d2018_8a04a6_386|30f755_08c487_390|782731_cd9efa_394|f232bd_2e9699_398|19bb82_806506_402|da6e34_af0b7f_406|de20a5_bbc737_410|9dacb0_e512f3_414|52b24b_5a6682_418|46dc53_62d2fa_422|147ace_a5631e_426|9f821e_b84624_430|d1549e_329430_434|420de8_a4299b_438|b53123_b6d470_442|d02b4a_c03073_446|e2f425_9be6bd_450|0d7acd_c4c9b2_454|b2dbb6_213478_458|44b749_ba8a1e_462|6423b6_0a109f_466|eadb1b_5919fd_470|744cf4_fba826_474|d53f45_53c8f2_478;;-1
8/d;PHYSICS;2;8D;fe867d_12ef1e_361|f83acd_715ec1_365|90b77e_6b540d_369|21f4f7_f46dd9_373|dd8997_fd7375_377|ec9478_d4375d_381|b35af0_bb9318_385|0195a0_10a318_389|e39055_4c1166_393|e1ea02_048fdd_397|2e744b_56052f_401|4c9040_ad76bb_405|faa787_0e78e0_409|3bd073_6f91dc_413|4f0061_39f81c_417|1b1d9f_3e9ea0_421|087d00_70122f_425|6ec40e_bf1eb1_429|9aca5f_5c1a53_433|a87924_a2eab2_437|dd3a31_a322c7_441|702c2f_29880d_445|92df02_9dc2a7_449|f832c9_8cc396_453|833d3e_db7615_457|55eb94_6f9fff_461|cafa7c_b6cd9c_465|5b0768_1b5565_469|eb591e_cf7111_473|522cf2_136e38_477;;-1
8/a;ART;2;8A;ade61b_1c7012_364|289eb2_fdfe8c_368|d57449_452387_372|7f28ae_c70425_376|5f3666_89c83f_380|1022a8_99323a_384|38d8e1_f3a1fe_388|a73917_a62e4b_392|ad3fb3_ade1e8_396|15e215_949674_400|23992d_949d5a_404|4ca074_3a6c91_408|f94cc3_7b7124_412|b83650_c7cbc2_416|69f676_2e364b_420|5ca83d_88e97c_424|556b3a_6d46b2_428|e39f89_be50bf_432|5d0a1d_cf8c60_436|2383e3_4234b2_440|d4d719_594f94_444|387b67_f792cf_448|d0acde_3b38f9_452|2cacb1_3fdf35_456|6b362b_7f4f0c_460|553184_0ae154_464|9c334b_d4b8da_468|fb7b9a_df39ee_472|c9887f_1c0747_476|ddcf6a_f6d7e6_480;;-1
8/b;ART;2;8B;68ed0d_8e9cf1_363|fb1fa3_82d054_367|4cff77_cf4182_371|2688cb_ac31e9_375|584464_5a239b_379|d7e810_58d3ef_383|a06063_f68d59_387|139618_40faad_391|a981df_ccb096_395|b272e2_93e14d_399|042ec8_d61d89_403|e7e27c_49777a_407|75b95e_4b8ef8_411|4519a8_faa54b_415|091be8_880b86_419|710ce6_a1c069_423|3545d4_a0adc0_427|a15958_b2edde_431|fcb542_43da31_435|a50128_64465d_439|315708_c382ef_443|014cbd_cd9066_447|ce573e_946360_451|d00b21_620cfd_455|b5f581_9c4ab7_459|1dff7e_04d58b_463|9ee087_6c3128_467|08e9b4_6cabf7_471|c38b8c_f78042_475|e6c181_be8092_479;;-1
8/c;ART;2;8C;a24c19_e34e10_362|07d8a7_982ac8_366|31101e_6563b3_370|c2c98d_088c13_374|e65759_1d11a0_378|21684d_9ab683_382|7d2018_8a04a6_386|30f755_08c487_390|782731_cd9efa_394|f232bd_2e9699_398|19bb82_806506_402|da6e34_af0b7f_406|de20a5_bbc737_410|9dacb0_e512f3_414|52b24b_5a6682_418|46dc53_62d2fa_422|147ace_a5631e_426|9f821e_b84624_430|d1549e_329430_434|420de8_a4299b_438|b53123_b6d470_442|d02b4a_c03073_446|e2f425_9be6bd_450|0d7acd_c4c9b2_454|b2dbb6_213478_458|44b749_ba8a1e_462|6423b6_0a109f_466|eadb1b_5919fd_470|744cf4_fba826_474|d53f45_53c8f2_478;;-1
8/d;ART;2;8D;fe867d_12ef1e_361|f83acd_715ec1_365|90b77e_6b540d_369|21f4f7_f46dd9_373|dd8997_fd7375_377|ec9478_d4375d_381|b35af0_bb9318_385|0195a0_10a318_389|e39055_4c1166_393|e1ea02_048fdd_397|2e744b_56052f_401|4c9040_ad76bb_405|faa787_0e78e0_409|3bd073_6f91dc_413|4f0061_39f81c_417|1b1d9f_3e9ea0_421|087d00_70122f_425|6ec40e_bf1eb1_429|9aca5f_5c1a53_433|a87924_a2eab2_437|dd3a31_a322c7_441|702c2f_29880d_445|92df02_9dc2a7_449|f832c9_8cc396_453|833d3e_db7615_457|55eb94_6f9fff_461|cafa7c_b6cd9c_465|5b0768_1b5565_469|eb591e_cf7111_473|522cf2_136e38_477;;-1
8/a;PE;2;8A;ade61b_1c7012_364|289eb2_fdfe8c_368|d57449_452387_372|7f28ae_c70425_376|5f3666_89c83f_380|1022a8_99323a_384|38d8e1_f3a1fe_388|a73917_a62e4b_392|ad3fb3_ade1e8_396|15e215_949674_400|23992d_949d5a_404|4ca074_3a6c91_408|f94cc3_7b7124_412|b83650_c7cbc2_416|69f676_2e364b_420|5ca83d_88e97c_424|556b3a_6d46b2_428|e39f89_be50bf_432|5d0a1d_cf8c60_436|2383e3_4234b2_440|d4d719_594f94_444|387b67_f792cf_448|d0acde_3b38f9_452|2cacb1_3fdf35_456|6b362b_7f4f0c_460|553184_0ae154_464|9c334b_d4b8da_468|fb7b9a_df39ee_472|c9887f_1c0747_476|ddcf6a_f6d7e6_480;;-1
8/b;PE;2;8B;68ed0d_8e9cf1_363|fb1fa3_82d054_367|4cff77_cf4182_371|2688cb_ac31e9_375|584464_5a239b_379|d7e810_58d3ef_383|a06063_f68d59_387|139618_40faad_391|a981df_ccb096_395|b272e2_93e14d_399|042ec8_d61d89_403|e7e27c_49777a_407|75b95e_4b8ef8_411|4519a8_faa54b_415|091be8_880b86_419|710ce6_a1c069_423|3545d4_a0adc0_427|a15958_b2edde_431|fcb542_43da31_435|a50128_64465d_439|315708_c382ef_443|014cbd_cd9066_447|ce573e_946360_451|d00b21_620cfd_455|b5f581_9c4ab7_459|1dff7e_04d58b_463|9ee087_6c3128_467|08e9b4_6cabf7_471|c38b8c_f78042_475|e6c181_be8092_479;;-1
8/c;PE;2;8C;a24c19_e34e10_362|07d8a7_982ac8_366|31101e_6563b3_370|c2c98d_088c13_374|e65759_1d11a0_378|21684d_9ab683_382|7d2018_8a04a6_386|30f755_08c487_390|782731_cd9efa_394|f232bd_2e9699_398|19bb82_806506_402|da6e34_af0b7f_406|de20a5_bbc737_410|9dacb0_e512f3_414|52b24b_5a6682_418|46dc53_62d2fa_422|147ace_a5631e_426|9f821e_b84624_430|d1549e_329430_434|420de8_a4299b_438|b53123_b6d470_442|d02b4a_c03073_446|e2f425_9be6bd_450|0d7acd_c4c9b2_454|b2dbb6_213478_458|44b749_ba8a1e_462|6423b6_0a109f_466|eadb1b_5919fd_470|744cf4_fba826_474|d53f45_53c8f2_478;;-1
8/d;PE;2;8D;fe867d_12ef1e_361|f83acd_715ec1_365|90b77e_6b540d_369|21f4f7_f46dd9_373|dd8997_fd7375_377|ec9478_d4375d_381|b35af0_bb9318_385|0195a0_10a318_389|e39055_4c1166_393|e1ea02_048fdd_397|2e744b_56052f_401|4c9040_ad76bb_405|faa787_0e78e0_409|3bd073_6f91dc_413|4f0061_39f81c_417|1b1d9f_3e9ea0_421|087d00_70122f_425|6ec40e_bf1eb1_429|9aca5f_5c1a53_433|a87924_a2eab2_437|dd3a31_a322c7_441|702c2f_29880d_445|92df02_9dc2a7_449|f832c9_8cc396_453|833d3e_db7615_457|55eb94_6f9fff_461|cafa7c_b6cd9c_465|5b0768_1b5565_469|eb591e_cf7111_473|522cf2_136e38_477;;-1
8/a;CLASS;1;8A;ade61b_1c7012_364|289eb2_fdfe8c_368|d57449_452387_372|7f28ae_c70425_376|5f3666_89c83f_380|1022a8_99323a_384|38d8e1_f3a1fe_388|a73917_a62e4b_392|ad3fb3_ade1e8_396|15e215_949674_400|23992d_949d5a_404|4ca074_3a6c91_408|f94cc3_7b7124_412|b83650_c7cbc2_416|69f676_2e364b_420|5ca83d_88e97c_424|556b3a_6d46b2_428|e39f89_be50bf_432|5d0a1d_cf8c60_436|2383e3_4234b2_440|d4d719_594f94_444|387b67_f792cf_448|d0acde_3b38f9_452|2cacb1_3fdf35_456|6b362b_7f4f0c_460|553184_0ae154_464|9c334b_d4b8da_468|fb7b9a_df39ee_472|c9887f_1c0747_476|ddcf6a_f6d7e6_480;;-1
8/b;CLASS;1;8B;68ed0d_8e9cf1_363|fb1fa3_82d054_367|4cff77_cf4182_371|2688cb_ac31e9_375|584464_5a239b_379|d7e810_58d3ef_383|a06063_f68d59_387|139618_40faad_391|a981df_ccb096_395|b272e2_93e14d_399|042ec8_d61d89_403|e7e27c_49777a_407|75b95e_4b8ef8_411|4519a8_faa54b_415|091be8_880b86_419|710ce6_a1c069_423|3545d4_a0adc0_427|a15958_b2edde_431|fcb542_43da31_435|a50128_64465d_439|315708_c382ef_443|014cbd_cd9066_447|ce573e_946360_451|d00b21_620cfd_455|b5f581_9c4ab7_459|1dff7e_04d58b_463|9ee087_6c3128_467|08e9b4_6cabf7_471|c38b8c_f78042_475|e6c181_be8092_479;;-1
8/c;CLASS;1;8C;a24c19_e34e10_362|07d8a7_982ac8_366|31101e_6563b3_370|c2c98d_088c13_374|e65759_1d11a0_378|21684d_9ab683_382|7d2018_8a04a6_386|30f755_08c487_390|782731_cd9efa_394|f232bd_2e9699_398|19bb82_806506_402|da6e34_af0b7f_406|de20a5_bbc737_410|9dacb0_e512f3_414|52b24b_5a6682_418|46dc53_62d2fa_422|147ace_a5631e_426|9f821e_b84624_430|d1549e_329430_434|420de8_a4299b_438|b53123_b6d470_442|d02b4a_c03073_446|e2f425_9be6bd_450|0d7acd_c4c9b2_454|b2dbb6_213478_458|44b749_ba8a1e_462|6423b6_0a109f_466|eadb1b_5919fd_470|744cf4_fba826_474|d53f45_53c8f2_478;;-1
8/d;CLASS;1;8D;fe867d_12ef1e_361|f83acd_715ec1_365|90b77e_6b540d_369|21f4f7_f46dd9_373|dd8997_fd7375_377|ec9478_d4375d_381|b35af0_bb9318_385|0195a0_10a318_389|e39055_4c1166_393|e1ea02_048fdd_397|2e744b_56052f_401|4c9040_ad76bb_405|faa787_0e78e0_409|3bd073_6f91dc_413|4f0061_39f81c_417|1b1d9f_3e9ea0_421|087d00_70122f_425|6ec40e_bf1eb1_429|9aca5f_5c1a53_433|a87924_a2eab2_437|dd3a31_a322c7_441|702c2f_29880d_445|92df02_9dc2a7_449|f832c9_8cc396_453|833d3e_db7615_457|55eb94_6f9fff_461|cafa7c_b6cd9c_465|5b0768_1b5565_469|eb591e_cf7111_473|522cf2_136e38_477;;-1
8/a+b+c+d/pe;ES_PE;4;8A|8B|8C|8D;5b0768_1b5565_469|702c2f_29880d_445|1b1d9f_3e9ea0_421|e1ea02_048fdd_397|21f4f7_f46dd9_373|eadb1b_5919fd_470|d02b4a_c03073_446|46dc53_62d2fa_422|f232bd_2e9699_398|c2c98d_088c13_374|08e9b4_6cabf7_471|014cbd_cd9066_447|710ce6_a1c069_423|b272e2_93e14d_399|2688cb_ac31e9_375|fb7b9a_df39ee_472|387b67_f792cf_448|5ca83d_88e97c_424|15e215_949674_400|7f28ae_c70425_376;;-1
8/a+b+c+d/art;ES_ART;4;8A|8B|8C|8D;cafa7c_b6cd9c_465|dd3a31_a322c7_441|4f0061_39f81c_417|e39055_4c1166_393|90b77e_6b540d_369|6423b6_0a109f_466|b53123_b6d470_442|52b24b_5a6682_418|782731_cd9efa_394|31101e_6563b3_370|9ee087_6c3128_467|315708_c382ef_443|091be8_880b86_419|a981df_ccb096_395|4cff77_cf4182_371|9c334b_d4b8da_468|d4d719_594f94_444|69f676_2e364b_420|ad3fb3_ade1e8_396|d57449_452387_372;;-1
8/a+b+c+d/eco;ES_ECOLOGY;4;8A|8B|8C|8D;522cf2_136e38_477|f832c9_8cc396_453|6ec40e_bf1eb1_429|4c9040_ad76bb_405|ec9478_d4375d_381|d53f45_53c8f2_478|0d7acd_c4c9b2_454|9f821e_b84624_430|da6e34_af0b7f_406|21684d_9ab683_382|e6c181_be8092_479|d00b21_620cfd_455|a15958_b2edde_431|e7e27c_49777a_407|d7e810_58d3ef_383|ddcf6a_f6d7e6_480|2cacb1_3fdf35_456|e39f89_be50bf_432|4ca074_3a6c91_408|1022a8_99323a_384;;-1
8/a+b+c+d/cut;ES_COMPUTER_SCIENCE;4;8A|8B|8C|8D;eb591e_cf7111_473|92df02_9dc2a7_449|087d00_70122f_425|2e744b_56052f_401|dd8997_fd7375_377|744cf4_fba826_474|e2f425_9be6bd_450|147ace_a5631e_426|19bb82_806506_402|e65759_1d11a0_378|c38b8c_f78042_475|ce573e_946360_451|3545d4_a0adc0_427|042ec8_d61d89_403|584464_5a239b_379|c9887f_1c0747_476|d0acde_3b38f9_452|556b3a_6d46b2_428|23992d_949d5a_404|5f3666_89c83f_380;;-1
8/a+b+c+d/fre;ES_FRENCH;4;8A|8B|8C|8D;55eb94_6f9fff_461|a87924_a2eab2_437|3bd073_6f91dc_413|0195a0_10a318_389|f83acd_715ec1_365|44b749_ba8a1e_462|420de8_a4299b_438|9dacb0_e512f3_414|30f755_08c487_390|07d8a7_982ac8_366|1dff7e_04d58b_463|a50128_64465d_439|4519a8_faa54b_415|139618_40faad_391|fb1fa3_82d054_367|553184_0ae154_464|2383e3_4234b2_440|b83650_c7cbc2_416|a73917_a62e4b_392|289eb2_fdfe8c_368;;-1
8/a+b+c+d/work;ES_WORK_THEORY;4;8A|8B|8C|8D;833d3e_db7615_457|9aca5f_5c1a53_433|faa787_0e78e0_409|b35af0_bb9318_385|fe867d_12ef1e_361|b2dbb6_213478_458|d1549e_329430_434|de20a5_bbc737_410|7d2018_8a04a6_386|a24c19_e34e10_362|b5f581_9c4ab7_459|fcb542_43da31_435|75b95e_4b8ef8_411|a06063_f68d59_387|68ed0d_8e9cf1_363|6b362b_7f4f0c_460|5d0a1d_cf8c60_436|f94cc3_7b7124_412|38d8e1_f3a1fe_388|ade61b_1c7012_364;;-1
9/a+c/REL/KA;RELIGION_CA;2;9A|9C;7c1a33_cff403_600|bbb883_d06002_588|6bfabf_56a11e_576|26858a_f4ad4a_564|f0d47c_ad4122_552|213caf_14a63f_540|2487a8_7aef02_528|1348c4_8f8fe3_516|8a8c06_2e83c2_504|4db72d_708c40_492|11fcff_949533_598|689fbb_217daf_586|6782f7_6b8580_574|c650a4_4053f2_562|6f0623_167742_550|829cb5_60d25e_538|b171d2_803298_526|f55e3a_d35d63_514|453246_57b023_502|90ced4_da0d64_490;;-1
9/a+c/REL/ET;RELIGION_ET;2;9A|9C;75dd43_274eca_592|fbe432_7ec9e9_580|7461ab_4c9dd0_568|2da58e_e7ea69_556|7b10c7_e9f85a_544|0e69bc_0b6f6d_532|45637b_5166c4_520|447113_29b7cc_508|2229c6_b4098f_496|80c6c3_41a0de_484|7dcfbd_0bf0da_590|778b3a_df9033_578|8c82ac_7288da_566|5fe780_d6d374_554|cd90cf_486142_542|5e1963_05edb0_530|d8cccc_cf88d9_518|77c65d_0e5898_506|ae532b_c07928_494|6db36f_0107e0_482;;-1
9/a+c/REL/EV;RELIGION_EV;2;9A|9C;6d8768_e664f7_596|cef31e_4d1e79_584|cde482_0a6bd1_572|7108b7_cf7c83_560|6d1da2_9f3904_548|78ea3e_cb10a7_536|1f0099_07a477_524|9c3a5e_e68bc3_512|28332c_cbcea0_500|810e94_aa7c1a_488|800984_4930b3_594|0f940a_ec5cbc_582|cb4a71_f49171_570|f70079_3874d3_558|2c3ce6_f54c36_546|406b23_edbb70_534|f44332_6d4024_522|704e19_4f91b6_510|fe9aa3_7725dd_498|a8f32d_a83c15_486;;-1
9/b+d/REL/KA;RELIGION_CA;2;9B|9D;c1f76f_90c43e_591|e2a426_f88786_579|04b03a_6578cc_567|e6c43e_c6b266_555|b95624_6ec469_543|6671cb_5ed2e9_531|3e9fee_6ac078_519|e4a2ef_eea4a7_507|02c244_0a0de5_495|f76425_ffa475_483|af72fa_35f804_589|8eca2d_bb768b_577|705bcf_35f961_565|df0166_9bd29a_553|524053_251d63_541|19e9b6_1258b1_529|e24fe0_b10a51_517|287c52_1fa4e7_505|4923e1_700346_493|6d03d4_879d8b_481;;-1
9/b+d/REL/ET;RELIGION_ET;2;9B|9D;51e969_19be7a_595|13c18a_109e07_583|b4ec5f_4f8e96_571|a506d3_747d37_559|d7f5ea_c26249_547|ea0be2_8529b8_535|26a1ba_d51458_523|68501b_17a822_511|55b77c_1b0bd9_499|262327_db7e28_487|1c6fe0_b2f03a_593|cd4883_0981b6_581|739285_3c5745_569|a899af_44d48f_557|e10503_a3e9aa_545|8ba9b4_96adb6_533|a72122_c55771_521|78ae4f_9973d2_509|22184f_2b68eb_497|ca3502_6cfb38_485;;-1
9/b+d/REL/EV;RELIGION_EV;2;9B|9D;58a3fa_f9d36a_599|969850_413431_587|6751d4_daffbf_575|83f6cc_13176f_563|49cec8_93bf8d_551|9a34df_dc70f6_539|ef3c60_07b5e9_527|7c3062_ebf0a8_515|ee42ed_61d384_503|57dc8d_6e8212_491|6edbf7_8dcf99_597|259be7_816989_585|bc3ab2_f64f4a_573|ec2dde_bdd5dd_561|1eedba_912029_549|540316_a147c0_537|fa5539_d78602_525|271539_a9c7e5_513|a1b2a1_d56005_501|5e81bf_57d4dd_489;;-1
9/a+c/DEU/GK;GERMAN;4;9A|9C;75dd43_274eca_592|fbe432_7ec9e9_580|7461ab_4c9dd0_568|2da58e_e7ea69_556|7b10c7_e9f85a_544|0e69bc_0b6f6d_532|45637b_5166c4_520|447113_29b7cc_508|2229c6_b4098f_496|80c6c3_41a0de_484|7dcfbd_0bf0da_590|778b3a_df9033_578|8c82ac_7288da_566|5fe780_d6d374_554|cd90cf_486142_542|5e1963_05edb0_530|d8cccc_cf88d9_518|77c65d_0e5898_506|ae532b_c07928_494|6db36f_0107e0_482;;-1
9/a+c/DEU/E1;GERMAN;4;9A|9C;7c1a33_cff403_600|bbb883_d06002_588|6bfabf_56a11e_576|26858a_f4ad4a_564|f0d47c_ad4122_552|213caf_14a63f_540|2487a8_7aef02_528|1348c4_8f8fe3_516|8a8c06_2e83c2_504|4db72d_708c40_492|11fcff_949533_598|689fbb_217daf_586|6782f7_6b8580_574|c650a4_4053f2_562|6f0623_167742_550|829cb5_60d25e_538|b171d2_803298_526|f55e3a_d35d63_514|453246_57b023_502|90ced4_da0d64_490;;-1
9/a+c/DEU/E2;GERMAN;4;9A|9C;6d8768_e664f7_596|cef31e_4d1e79_584|cde482_0a6bd1_572|7108b7_cf7c83_560|6d1da2_9f3904_548|78ea3e_cb10a7_536|1f0099_07a477_524|9c3a5e_e68bc3_512|28332c_cbcea0_500|810e94_aa7c1a_488|800984_4930b3_594|0f940a_ec5cbc_582|cb4a71_f49171_570|f70079_3874d3_558|2c3ce6_f54c36_546|406b23_edbb70_534|f44332_6d4024_522|704e19_4f91b6_510|fe9aa3_7725dd_498|a8f32d_a83c15_486;;-1
9/b+d/DEU/GK;GERMAN;4;9B|9D;c1f76f_90c43e_591|e2a426_f88786_579|04b03a_6578cc_567|e6c43e_c6b266_555|b95624_6ec469_543|6671cb_5ed2e9_531|3e9fee_6ac078_519|e4a2ef_eea4a7_507|02c244_0a0de5_495|f76425_ffa475_483|af72fa_35f804_589|8eca2d_bb768b_577|705bcf_35f961_565|df0166_9bd29a_553|524053_251d63_541|19e9b6_1258b1_529|e24fe0_b10a51_517|287c52_1fa4e7_505|4923e1_700346_493|6d03d4_879d8b_481;;-1
9/b+d/DEU/E1;GERMAN;4;9B|9D;51e969_19be7a_595|13c18a_109e07_583|b4ec5f_4f8e96_571|a506d3_747d37_559|d7f5ea_c26249_547|ea0be2_8529b8_535|26a1ba_d51458_523|68501b_17a822_511|55b77c_1b0bd9_499|262327_db7e28_487|1c6fe0_b2f03a_593|cd4883_0981b6_581|739285_3c5745_569|a899af_44d48f_557|e10503_a3e9aa_545|8ba9b4_96adb6_533|a72122_c55771_521|78ae4f_9973d2_509|22184f_2b68eb_497|ca3502_6cfb38_485;;-1
9/b+d/DEU/E2;GERMAN;4;9B|9D;58a3fa_f9d36a_599|969850_413431_587|6751d4_daffbf_575|83f6cc_13176f_563|49cec8_93bf8d_551|9a34df_dc70f6_539|ef3c60_07b5e9_527|7c3062_ebf0a8_515|ee42ed_61d384_503|57dc8d_6e8212_491|6edbf7_8dcf99_597|259be7_816989_585|bc3ab2_f64f4a_573|ec2dde_bdd5dd_561|1eedba_912029_549|540316_a147c0_537|fa5539_d78602_525|271539_a9c7e5_513|a1b2a1_d56005_501|5e81bf_57d4dd_489;;-1
9/a+c/ENG/GK;ENGLISH;3;9A|9C;90ced4_da0d64_490|453246_57b023_502|f55e3a_d35d63_514|b171d2_803298_526|829cb5_60d25e_538|6f0623_167742_550|c650a4_4053f2_562|6782f7_6b8580_574|689fbb_217daf_586|11fcff_949533_598|4db72d_708c40_492|8a8c06_2e83c2_504|1348c4_8f8fe3_516|2487a8_7aef02_528|213caf_14a63f_540|f0d47c_ad4122_552|26858a_f4ad4a_564|6bfabf_56a11e_576|bbb883_d06002_588|7c1a33_cff403_600;;-1
9/a+c/ENG/E1;ENGLISH;3;9A|9C;6db36f_0107e0_482|ae532b_c07928_494|77c65d_0e5898_506|d8cccc_cf88d9_518|5e1963_05edb0_530|cd90cf_486142_542|5fe780_d6d374_554|8c82ac_7288da_566|778b3a_df9033_578|7dcfbd_0bf0da_590|80c6c3_41a0de_484|2229c6_b4098f_496|447113_29b7cc_508|45637b_5166c4_520|0e69bc_0b6f6d_532|7b10c7_e9f85a_544|2da58e_e7ea69_556|7461ab_4c9dd0_568|fbe432_7ec9e9_580|75dd43_274eca_592;;-1
9/a+c/ENG/E2;ENGLISH;3;9A|9C;a8f32d_a83c15_486|fe9aa3_7725dd_498|704e19_4f91b6_510|f44332_6d4024_522|406b23_edbb70_534|2c3ce6_f54c36_546|f70079_3874d3_558|cb4a71_f49171_570|0f940a_ec5cbc_582|800984_4930b3_594|810e94_aa7c1a_488|28332c_cbcea0_500|9c3a5e_e68bc3_512|1f0099_07a477_524|78ea3e_cb10a7_536|6d1da2_9f3904_548|7108b7_cf7c83_560|cde482_0a6bd1_572|cef31e_4d1e79_584|6d8768_e664f7_596;;-1
9/b+d/ENG/GK;ENGLISH;3;9B|9D;5e81bf_57d4dd_489|a1b2a1_d56005_501|271539_a9c7e5_513|fa5539_d78602_525|540316_a147c0_537|1eedba_912029_549|ec2dde_bdd5dd_561|bc3ab2_f64f4a_573|259be7_816989_585|6edbf7_8dcf99_597|57dc8d_6e8212_491|ee42ed_61d384_503|7c3062_ebf0a8_515|ef3c60_07b5e9_527|9a34df_dc70f6_539|49cec8_93bf8d_551|83f6cc_13176f_563|6751d4_daffbf_575|969850_413431_587|58a3fa_f9d36a_599;;-1
9/b+d/ENG/E1;ENGLISH;3;9B|9D;ca3502_6cfb38_485|22184f_2b68eb_497|78ae4f_9973d2_509|a72122_c55771_521|8ba9b4_96adb6_533|e10503_a3e9aa_545|a899af_44d48f_557|739285_3c5745_569|cd4883_0981b6_581|1c6fe0_b2f03a_593|262327_db7e28_487|55b77c_1b0bd9_499|68501b_17a822_511|26a1ba_d51458_523|ea0be2_8529b8_535|d7f5ea_c26249_547|a506d3_747d37_559|b4ec5f_4f8e96_571|13c18a_109e07_583|51e969_19be7a_595;;-1
9/b+d/ENG/E2;ENGLISH;3;9B|9D;6d03d4_879d8b_481|4923e1_700346_493|287c52_1fa4e7_505|e24fe0_b10a51_517|19e9b6_1258b1_529|524053_251d63_541|df0166_9bd29a_553|705bcf_35f961_565|8eca2d_bb768b_577|af72fa_35f804_589|f76425_ffa475_483|02c244_0a0de5_495|e4a2ef_eea4a7_507|3e9fee_6ac078_519|6671cb_5ed2e9_531|b95624_6ec469_543|e6c43e_c6b266_555|04b03a_6578cc_567|e2a426_f88786_579|c1f76f_90c43e_591;;-1
9/a+c/MAT/GK;MATHS;4;9A|9C;90ced4_da0d64_490|453246_57b023_502|f55e3a_d35d63_514|b171d2_803298_526|829cb5_60d25e_538|6f0623_167742_550|c650a4_4053f2_562|6782f7_6b8580_574|689fbb_217daf_586|11fcff_949533_598|4db72d_708c40_492|8a8c06_2e83c2_504|1348c4_8f8fe3_516|2487a8_7aef02_528|213caf_14a63f_540|f0d47c_ad4122_552|26858a_f4ad4a_564|6bfabf_56a11e_576|bbb883_d06002_588|7c1a33_cff403_600;;-1
9/a+c/MAT/E1;MATHS;4;9A|9C;6db36f_0107e0_482|ae532b_c07928_494|77c65d_0e5898_506|d8cccc_cf88d9_518|5e1963_05edb0_530|cd90cf_486142_542|5fe780_d6d374_554|8c82ac_7288da_566|778b3a_df9033_578|7dcfbd_0bf0da_590|80c6c3_41a0de_484|2229c6_b4098f_496|447113_29b7cc_508|45637b_5166c4_520|0e69bc_0b6f6d_532|7b10c7_e9f85a_544|2da58e_e7ea69_556|7461ab_4c9dd0_568|fbe432_7ec9e9_580|75dd43_274eca_592;;-1
9/a+c/MAT/E2;MATHS;4;9A|9C;a8f32d_a83c15_486|fe9aa3_7725dd_498|704e19_4f91b6_510|f44332_6d4024_522|406b23_edbb70_534|2c3ce6_f54c36_546|f70079_3874d3_558|cb4a71_f49171_570|0f940a_ec5cbc_582|800984_4930b3_594|810e94_aa7c1a_488|28332c_cbcea0_500|9c3a5e_e68bc3_512|1f0099_07a477_524|78ea3e_cb10a7_536|6d1da2_9f3904_548|7108b7_cf7c83_560|cde482_0a6bd1_572|cef31e_4d1e79_584|6d8768_e664f7_596;;-1
9/b+d/MAT/GK;MATHS;4;9B|9D;6d03d4_879d8b_481|4923e1_700346_493|287c52_1fa4e7_505|e24fe0_b10a51_517|19e9b6_1258b1_529|524053_251d63_541|df0166_9bd29a_553|705bcf_35f961_565|8eca2d_bb768b_577|af72fa_35f804_589|f76425_ffa475_483|02c244_0a0de5_495|e4a2ef_eea4a7_507|3e9fee_6ac078_519|6671cb_5ed2e9_531|b95624_6ec469_543|e6c43e_c6b266_555|04b03a_6578cc_567|e2a426_f88786_579|c1f76f_90c43e_591;;-1
9/b+d/MAT/E1;MATHS;4;9B|9D;ca3502_6cfb38_485|22184f_2b68eb_497|78ae4f_9973d2_509|a72122_c55771_521|8ba9b4_96adb6_533|e10503_a3e9aa_545|a899af_44d48f_557|739285_3c5745_569|cd4883_0981b6_581|1c6fe0_b2f03a_593|262327_db7e28_487|55b77c_1b0bd9_499|68501b_17a822_511|26a1ba_d51458_523|ea0be2_8529b8_535|d7f5ea_c26249_547|a506d3_747d37_559|b4ec5f_4f8e96_571|13c18a_109e07_583|51e969_19be7a_595;;-1
9/b+d/MAT/E2;MATHS;4;9B|9D;5e81bf_57d4dd_489|a1b2a1_d56005_501|271539_a9c7e5_513|fa5539_d78602_525|540316_a147c0_537|1eedba_912029_549|ec2dde_bdd5dd_561|bc3ab2_f64f4a_573|259be7_816989_585|6edbf7_8dcf99_597|57dc8d_6e8212_491|ee42ed_61d384_503|7c3062_ebf0a8_515|ef3c60_07b5e9_527|9a34df_dc70f6_539|49cec8_93bf8d_551|83f6cc_13176f_563|6751d4_daffbf_575|969850_413431_587|58a3fa_f9d36a_599;;-1
9/a;SOCIETY_SCIENCE;4;9A;7c1a33_cff403_600|6d8768_e664f7_596|75dd43_274eca_592|bbb883_d06002_588|cef31e_4d1e79_584|fbe432_7ec9e9_580|6bfabf_56a11e_576|cde482_0a6bd1_572|7461ab_4c9dd0_568|26858a_f4ad4a_564|7108b7_cf7c83_560|2da58e_e7ea69_556|f0d47c_ad4122_552|6d1da2_9f3904_548|7b10c7_e9f85a_544|213caf_14a63f_540|78ea3e_cb10a7_536|0e69bc_0b6f6d_532|2487a8_7aef02_528|1f0099_07a477_524|45637b_5166c4_520|1348c4_8f8fe3_516|9c3a5e_e68bc3_512|447113_29b7cc_508|8a8c06_2e83c2_504|28332c_cbcea0_500|2229c6_b4098f_496|4db72d_708c40_492|810e94_aa7c1a_488|80c6c3_41a0de_484;;-1
9/b;SOCIETY_SCIENCE;4;9B;58a3fa_f9d36a_599|51e969_19be7a_595|c1f76f_90c43e_591|969850_413431_587|13c18a_109e07_583|e2a426_f88786_579|6751d4_daffbf_575|b4ec5f_4f8e96_571|04b03a_6578cc_567|83f6cc_13176f_563|a506d3_747d37_559|e6c43e_c6b266_555|49cec8_93bf8d_551|d7f5ea_c26249_547|b95624_6ec469_543|9a34df_dc70f6_539|ea0be2_8529b8_535|6671cb_5ed2e9_531|ef3c60_07b5e9_527|26a1ba_d51458_523|3e9fee_6ac078_519|7c3062_ebf0a8_515|68501b_17a822_511|e4a2ef_eea4a7_507|ee42ed_61d384_503|55b77c_1b0bd9_499|02c244_0a0de5_495|57dc8d_6e8212_491|262327_db7e28_487|f76425_ffa475_483;;-1
9/c;SOCIETY_SCIENCE;4;9C;11fcff_949533_598|800984_4930b3_594|7dcfbd_0bf0da_590|689fbb_217daf_586|0f940a_ec5cbc_582|778b3a_df9033_578|6782f7_6b8580_574|cb4a71_f49171_570|8c82ac_7288da_566|c650a4_4053f2_562|f70079_3874d3_558|5fe780_d6d374_554|6f0623_167742_550|2c3ce6_f54c36_546|cd90cf_486142_542|829cb5_60d25e_538|406b23_edbb70_534|5e1963_05edb0_530|b171d2_803298_526|f44332_6d4024_522|d8cccc_cf88d9_518|f55e3a_d35d63_514|704e19_4f91b6_510|77c65d_0e5898_506|453246_57b023_502|fe9aa3_7725dd_498|ae532b_c07928_494|90ced4_da0d64_490|a8f32d_a83c15_486|6db36f_0107e0_482;;-1
9/d;SOCIETY_SCIENCE;4;9D;6edbf7_8dcf99_597|1c6fe0_b2f03a_593|af72fa_35f804_589|259be7_816989_585|cd4883_0981b6_581|8eca2d_bb768b_577|bc3ab2_f64f4a_573|739285_3c5745_569|705bcf_35f961_565|ec2dde_bdd5dd_561|a899af_44d48f_557|df0166_9bd29a_553|1eedba_912029_549|e10503_a3e9aa_545|524053_251d63_541|540316_a147c0_537|8ba9b4_96adb6_533|19e9b6_1258b1_529|fa5539_d78602_525|a72122_c55771_521|e24fe0_b10a51_517|271539_a9c7e5_513|78ae4f_9973d2_509|287c52_1fa4e7_505|a1b2a1_d56005_501|22184f_2b68eb_497|4923e1_700346_493|5e81bf_57d4dd_489|ca3502_6cfb38_485|6d03d4_879d8b_481;;-1
9/a+c/CHE/E1;CHEMISTRY;2;9A|9C;6db36f_0107e0_482|90ced4_da0d64_490|fe9aa3_7725dd_498|77c65d_0e5898_506|f55e3a_d35d63_514|f44332_6d4024_522|5e1963_05edb0_530|829cb5_60d25e_538|2c3ce6_f54c36_546|5fe780_d6d374_554|c650a4_4053f2_562|cb4a71_f49171_570|778b3a_df9033_578|689fbb_217daf_586|800984_4930b3_594|80c6c3_41a0de_484|4db72d_708c40_492|28332c_cbcea0_500|447113_29b7cc_508|1348c4_8f8fe3_516|1f0099_07a477_524|0e69bc_0b6f6d_532|213caf_14a63f_540|6d1da2_9f3904_548|2da58e_e7ea69_556|26858a_f4ad4a_564|cde482_0a6bd1_572|fbe432_7ec9e9_580|bbb883_d06002_588|6d8768_e664f7_596;;-1
9/a+c/CHE/E2;CHEMISTRY;2;9A|9C;a8f32d_a83c15_486|ae532b_c07928_494|453246_57b023_502|704e19_4f91b6_510|d8cccc_cf88d9_518|b171d2_803298_526|406b23_edbb70_534|cd90cf_486142_542|6f0623_167742_550|f70079_3874d3_558|8c82ac_7288da_566|6782f7_6b8580_574|0f940a_ec5cbc_582|7dcfbd_0bf0da_590|11fcff_949533_598|810e94_aa7c1a_488|2229c6_b4098f_496|8a8c06_2e83c2_504|9c3a5e_e68bc3_512|45637b_5166c4_520|2487a8_7aef02_528|78ea3e_cb10a7_536|7b10c7_e9f85a_544|f0d47c_ad4122_552|7108b7_cf7c83_560|7461ab_4c9dd0_568|6bfabf_56a11e_576|cef31e_4d1e79_584|75dd43_274eca_592|7c1a33_cff403_600;;-1
9/b+d/CHE/E1;CHEMISTRY;2;9B|9D;6d03d4_879d8b_481|5e81bf_57d4dd_489|22184f_2b68eb_497|287c52_1fa4e7_505|271539_a9c7e5_513|a72122_c55771_521|19e9b6_1258b1_529|540316_a147c0_537|e10503_a3e9aa_545|df0166_9bd29a_553|ec2dde_bdd5dd_561|739285_3c5745_569|8eca2d_bb768b_577|259be7_816989_585|1c6fe0_b2f03a_593|f76425_ffa475_483|57dc8d_6e8212_491|55b77c_1b0bd9_499|e4a2ef_eea4a7_507|7c3062_ebf0a8_515|26a1ba_d51458_523|6671cb_5ed2e9_531|9a34df_dc70f6_539|d7f5ea_c26249_547|e6c43e_c6b266_555|83f6cc_13176f_563|b4ec5f_4f8e96_571|e2a426_f88786_579|969850_413431_587|51e969_19be7a_595;;-1
9/b+d/CHE/E2;CHEMISTRY;2;9B|9D;ca3502_6cfb38_485|4923e1_700346_493|a1b2a1_d56005_501|78ae4f_9973d2_509|e24fe0_b10a51_517|fa5539_d78602_525|8ba9b4_96adb6_533|524053_251d63_541|1eedba_912029_549|a899af_44d48f_557|705bcf_35f961_565|bc3ab2_f64f4a_573|cd4883_0981b6_581|af72fa_35f804_589|6edbf7_8dcf99_597|262327_db7e28_487|02c244_0a0de5_495|ee42ed_61d384_503|68501b_17a822_511|3e9fee_6ac078_519|ef3c60_07b5e9_527|ea0be2_8529b8_535|b95624_6ec469_543|49cec8_93bf8d_551|a506d3_747d37_559|04b03a_6578cc_567|6751d4_daffbf_575|13c18a_109e07_583|c1f76f_90c43e_591|58a3fa_f9d36a_599;;-1
9/a+c/PHY/E1;PHYSICS;1;9A|9C;6d8768_e664f7_596|bbb883_d06002_588|fbe432_7ec9e9_580|cde482_0a6bd1_572|26858a_f4ad4a_564|2da58e_e7ea69_556|6d1da2_9f3904_548|213caf_14a63f_540|0e69bc_0b6f6d_532|1f0099_07a477_524|1348c4_8f8fe3_516|447113_29b7cc_508|28332c_cbcea0_500|4db72d_708c40_492|80c6c3_41a0de_484|800984_4930b3_594|689fbb_217daf_586|778b3a_df9033_578|cb4a71_f49171_570|c650a4_4053f2_562|5fe780_d6d374_554|2c3ce6_f54c36_546|829cb5_60d25e_538|5e1963_05edb0_530|f44332_6d4024_522|f55e3a_d35d63_514|77c65d_0e5898_506|fe9aa3_7725dd_498|90ced4_da0d64_490|6db36f_0107e0_482;;-1
9/a+c/PHY/E2;PHYSICS;1;9A|9C;7c1a33_cff403_600|75dd43_274eca_592|cef31e_4d1e79_584|6bfabf_56a11e_576|7461ab_4c9dd0_568|7108b7_cf7c83_560|f0d47c_ad4122_552|7b10c7_e9f85a_544|78ea3e_cb10a7_536|2487a8_7aef02_528|45637b_5166c4_520|9c3a5e_e68bc3_512|8a8c06_2e83c2_504|2229c6_b4098f_496|810e94_aa7c1a_488|11fcff_949533_598|7dcfbd_0bf0da_590|0f940a_ec5cbc_582|6782f7_6b8580_574|8c82ac_7288da_566|f70079_3874d3_558|6f0623_167742_550|cd90cf_486142_542|406b23_edbb70_534|b171d2_803298_526|d8cccc_cf88d9_518|704e19_4f91b6_510|453246_57b023_502|ae532b_c07928_494|a8f32d_a83c15_486;;-1
9/b+d/PHY/E1;PHYSICS;1;9B|9D;58a3fa_f9d36a_599|c1f76f_90c43e_591|13c18a_109e07_583|6751d4_daffbf_575|04b03a_6578cc_567|a506d3_747d37_559|49cec8_93bf8d_551|b95624_6ec469_543|ea0be2_8529b8_535|ef3c60_07b5e9_527|3e9fee_6ac078_519|68501b_17a822_511|ee42ed_61d384_503|02c244_0a0de5_495|262327_db7e28_487|6edbf7_8dcf99_597|af72fa_35f804_589|cd4883_0981b6_581|bc3ab2_f64f4a_573|705bcf_35f961_565|a899af_44d48f_557|1eedba_912029_549|524053_251d63_541|8ba9b4_96adb6_533|fa5539_d78602_525|e24fe0_b10a51_517|78ae4f_9973d2_509|a1b2a1_d56005_501|4923e1_700346_493|ca3502_6cfb38_485;;-1
9/b+d/PHY/E2;PHYSICS;1;9B|9D;51e969_19be7a_595|969850_413431_587|e2a426_f88786_579|b4ec5f_4f8e96_571|83f6cc_13176f_563|e6c43e_c6b266_555|d7f5ea_c26249_547|9a34df_dc70f6_539|6671cb_5ed2e9_531|26a1ba_d51458_523|7c3062_ebf0a8_515|e4a2ef_eea4a7_507|55b77c_1b0bd9_499|57dc8d_6e8212_491|f76425_ffa475_483|1c6fe0_b2f03a_593|259be7_816989_585|8eca2d_bb768b_577|739285_3c5745_569|ec2dde_bdd5dd_561|df0166_9bd29a_553|e10503_a3e9aa_545|540316_a147c0_537|19e9b6_1258b1_529|a72122_c55771_521|271539_a9c7e5_513|287c52_1fa4e7_505|22184f_2b68eb_497|5e81bf_57d4dd_489|6d03d4_879d8b_481;;-1
9/a+c/BIO/E1;BIOLOGY;1;9A|9C;a8f32d_a83c15_486|ae532b_c07928_494|453246_57b023_502|704e19_4f91b6_510|d8cccc_cf88d9_518|b171d2_803298_526|406b23_edbb70_534|cd90cf_486142_542|6f0623_167742_550|f70079_3874d3_558|8c82ac_7288da_566|6782f7_6b8580_574|0f940a_ec5cbc_582|7dcfbd_0bf0da_590|11fcff_949533_598|810e94_aa7c1a_488|2229c6_b4098f_496|8a8c06_2e83c2_504|9c3a5e_e68bc3_512|45637b_5166c4_520|2487a8_7aef02_528|78ea3e_cb10a7_536|7b10c7_e9f85a_544|f0d47c_ad4122_552|7108b7_cf7c83_560|7461ab_4c9dd0_568|6bfabf_56a11e_576|cef31e_4d1e79_584|75dd43_274eca_592|7c1a33_cff403_600;;-1
9/a+c/BIO/E2;BIOLOGY;1;9A|9C;6db36f_0107e0_482|90ced4_da0d64_490|fe9aa3_7725dd_498|77c65d_0e5898_506|f55e3a_d35d63_514|f44332_6d4024_522|5e1963_05edb0_530|829cb5_60d25e_538|2c3ce6_f54c36_546|5fe780_d6d374_554|c650a4_4053f2_562|cb4a71_f49171_570|778b3a_df9033_578|689fbb_217daf_586|800984_4930b3_594|80c6c3_41a0de_484|4db72d_708c40_492|28332c_cbcea0_500|447113_29b7cc_508|1348c4_8f8fe3_516|1f0099_07a477_524|0e69bc_0b6f6d_532|213caf_14a63f_540|6d1da2_9f3904_548|2da58e_e7ea69_556|26858a_f4ad4a_564|cde482_0a6bd1_572|fbe432_7ec9e9_580|bbb883_d06002_588|6d8768_e664f7_596;;-1
9/b+d/BIO/E1;BIOLOGY;1;9B|9D;ca3502_6cfb38_485|4923e1_700346_493|a1b2a1_d56005_501|78ae4f_9973d2_509|e24fe0_b10a51_517|fa5539_d78602_525|8ba9b4_96adb6_533|524053_251d63_541|1eedba_912029_549|a899af_44d48f_557|705bcf_35f961_565|bc3ab2_f64f4a_573|cd4883_0981b6_581|af72fa_35f804_589|6edbf7_8dcf99_597|262327_db7e28_487|02c244_0a0de5_495|ee42ed_61d384_503|68501b_17a822_511|3e9fee_6ac078_519|ef3c60_07b5e9_527|ea0be2_8529b8_535|b95624_6ec469_543|49cec8_93bf8d_551|a506d3_747d37_559|04b03a_6578cc_567|6751d4_daffbf_575|13c18a_109e07_583|c1f76f_90c43e_591|58a3fa_f9d36a_599;;-1
9/b+d/BIO/E2;BIOLOGY;1;9B|9D;6d03d4_879d8b_481|5e81bf_57d4dd_489|22184f_2b68eb_497|287c52_1fa4e7_505|271539_a9c7e5_513|a72122_c55771_521|19e9b6_1258b1_529|540316_a147c0_537|e10503_a3e9aa_545|df0166_9bd29a_553|ec2dde_bdd5dd_561|739285_3c5745_569|8eca2d_bb768b_577|259be7_816989_585|1c6fe0_b2f03a_593|f76425_ffa475_483|57dc8d_6e8212_491|55b77c_1b0bd9_499|e4a2ef_eea4a7_507|7c3062_ebf0a8_515|26a1ba_d51458_523|6671cb_5ed2e9_531|9a34df_dc70f6_539|d7f5ea_c26249_547|e6c43e_c6b266_555|83f6cc_13176f_563|b4ec5f_4f8e96_571|e2a426_f88786_579|969850_413431_587|51e969_19be7a_595;;-1
9/a;ART;2;9A;7c1a33_cff403_600|6d8768_e664f7_596|75dd43_274eca_592|bbb883_d06002_588|cef31e_4d1e79_584|fbe432_7ec9e9_580|6bfabf_56a11e_576|cde482_0a6bd1_572|7461ab_4c9dd0_568|26858a_f4ad4a_564|7108b7_cf7c83_560|2da58e_e7ea69_556|f0d47c_ad4122_552|6d1da2_9f3904_548|7b10c7_e9f85a_544|213caf_14a63f_540|78ea3e_cb10a7_536|0e69bc_0b6f6d_532|2487a8_7aef02_528|1f0099_07a477_524|45637b_5166c4_520|1348c4_8f8fe3_516|9c3a5e_e68bc3_512|447113_29b7cc_508|8a8c06_2e83c2_504|28332c_cbcea0_500|2229c6_b4098f_496|4db72d_708c40_492|810e94_aa7c1a_488|80c6c3_41a0de_484;;-1
9/b;ART;2;9B;58a3fa_f9d36a_599|51e969_19be7a_595|c1f76f_90c43e_591|969850_413431_587|13c18a_109e07_583|e2a426_f88786_579|6751d4_daffbf_575|b4ec5f_4f8e96_571|04b03a_6578cc_567|83f6cc_13176f_563|a506d3_747d37_559|e6c43e_c6b266_555|49cec8_93bf8d_551|d7f5ea_c26249_547|b95624_6ec469_543|9a34df_dc70f6_539|ea0be2_8529b8_535|6671cb_5ed2e9_531|ef3c60_07b5e9_527|26a1ba_d51458_523|3e9fee_6ac078_519|7c3062_ebf0a8_515|68501b_17a822_511|e4a2ef_eea4a7_507|ee42ed_61d384_503|55b77c_1b0bd9_499|02c244_0a0de5_495|57dc8d_6e8212_491|262327_db7e28_487|f76425_ffa475_483;;-1
9/c;ART;2;9C;11fcff_949533_598|800984_4930b3_594|7dcfbd_0bf0da_590|689fbb_217daf_586|0f940a_ec5cbc_582|778b3a_df9033_578|6782f7_6b8580_574|cb4a71_f49171_570|8c82ac_7288da_566|c650a4_4053f2_562|f70079_3874d3_558|5fe780_d6d374_554|6f0623_167742_550|2c3ce6_f54c36_546|cd90cf_486142_542|829cb5_60d25e_538|406b23_edbb70_534|5e1963_05edb0_530|b171d2_803298_526|f44332_6d4024_522|d8cccc_cf88d9_518|f55e3a_d35d63_514|704e19_4f91b6_510|77c65d_0e5898_506|453246_57b023_502|fe9aa3_7725dd_498|ae532b_c07928_494|90ced4_da0d64_490|a8f32d_a83c15_486|6db36f_0107e0_482;;-1
9/d;ART;2;9D;6edbf7_8dcf99_597|1c6fe0_b2f03a_593|af72fa_35f804_589|259be7_816989_585|cd4883_0981b6_581|8eca2d_bb768b_577|bc3ab2_f64f4a_573|739285_3c5745_569|705bcf_35f961_565|ec2dde_bdd5dd_561|a899af_44d48f_557|df0166_9bd29a_553|1eedba_912029_549|e10503_a3e9aa_545|524053_251d63_541|540316_a147c0_537|8ba9b4_96adb6_533|19e9b6_1258b1_529|fa5539_d78602_525|a72122_c55771_521|e24fe0_b10a51_517|271539_a9c7e5_513|78ae4f_9973d2_509|287c52_1fa4e7_505|a1b2a1_d56005_501|22184f_2b68eb_497|4923e1_700346_493|5e81bf_57d4dd_489|ca3502_6cfb38_485|6d03d4_879d8b_481;;-1
9/a;PE;3;9A;7c1a33_cff403_600|6d8768_e664f7_596|75dd43_274eca_592|bbb883_d06002_588|cef31e_4d1e79_584|fbe432_7ec9e9_580|6bfabf_56a11e_576|cde482_0a6bd1_572|7461ab_4c9dd0_568|26858a_f4ad4a_564|7108b7_cf7c83_560|2da58e_e7ea69_556|f0d47c_ad4122_552|6d1da2_9f3904_548|7b10c7_e9f85a_544|213caf_14a63f_540|78ea3e_cb10a7_536|0e69bc_0b6f6d_532|2487a8_7aef02_528|1f0099_07a477_524|45637b_5166c4_520|1348c4_8f8fe3_516|9c3a5e_e68bc3_512|447113_29b7cc_508|8a8c06_2e83c2_504|28332c_cbcea0_500|2229c6_b4098f_496|4db72d_708c40_492|810e94_aa7c1a_488|80c6c3_41a0de_484;;-1
9/b;PE;3;9B;58a3fa_f9d36a_599|51e969_19be7a_595|c1f76f_90c43e_591|969850_413431_587|13c18a_109e07_583|e2a426_f88786_579|6751d4_daffbf_575|b4ec5f_4f8e96_571|04b03a_6578cc_567|83f6cc_13176f_563|a506d3_747d37_559|e6c43e_c6b266_555|49cec8_93bf8d_551|d7f5ea_c26249_547|b95624_6ec469_543|9a34df_dc70f6_539|ea0be2_8529b8_535|6671cb_5ed2e9_531|ef3c60_07b5e9_527|26a1ba_d51458_523|3e9fee_6ac078_519|7c3062_ebf0a8_515|68501b_17a822_511|e4a2ef_eea4a7_507|ee42ed_61d384_503|55b77c_1b0bd9_499|02c244_0a0de5_495|57dc8d_6e8212_491|262327_db7e28_487|f76425_ffa475_483;;-1
9/c;PE;3;9C;11fcff_949533_598|800984_4930b3_594|7dcfbd_0bf0da_590|689fbb_217daf_586|0f940a_ec5cbc_582|778b3a_df9033_578|6782f7_6b8580_574|cb4a71_f49171_570|8c82ac_7288da_566|c650a4_4053f2_562|f70079_3874d3_558|5fe780_d6d374_554|6f0623_167742_550|2c3ce6_f54c36_546|cd90cf_486142_542|829cb5_60d25e_538|406b23_edbb70_534|5e1963_05edb0_530|b171d2_803298_526|f44332_6d4024_522|d8cccc_cf88d9_518|f55e3a_d35d63_514|704e19_4f91b6_510|77c65d_0e5898_506|453246_57b023_502|fe9aa3_7725dd_498|ae532b_c07928_494|90ced4_da0d64_490|a8f32d_a83c15_486|6db36f_0107e0_482;;-1
9/d;PE;3;9D;6edbf7_8dcf99_597|1c6fe0_b2f03a_593|af72fa_35f804_589|259be7_816989_585|cd4883_0981b6_581|8eca2d_bb768b_577|bc3ab2_f64f4a_573|739285_3c5745_569|705bcf_35f961_565|ec2dde_bdd5dd_561|a899af_44d48f_557|df0166_9bd29a_553|1eedba_912029_549|e10503_a3e9aa_545|524053_251d63_541|540316_a147c0_537|8ba9b4_96adb6_533|19e9b6_1258b1_529|fa5539_d78602_525|a72122_c55771_521|e24fe0_b10a51_517|271539_a9c7e5_513|78ae4f_9973d2_509|287c52_1fa4e7_505|a1b2a1_d56005_501|22184f_2b68eb_497|4923e1_700346_493|5e81bf_57d4dd_489|ca3502_6cfb38_485|6d03d4_879d8b_481;;-1
9/a;CLASS;1;9A;7c1a33_cff403_600|6d8768_e664f7_596|75dd43_274eca_592|bbb883_d06002_588|cef31e_4d1e79_584|fbe432_7ec9e9_580|6bfabf_56a11e_576|cde482_0a6bd1_572|7461ab_4c9dd0_568|26858a_f4ad4a_564|7108b7_cf7c83_560|2da58e_e7ea69_556|f0d47c_ad4122_552|6d1da2_9f3904_548|7b10c7_e9f85a_544|213caf_14a63f_540|78ea3e_cb10a7_536|0e69bc_0b6f6d_532|2487a8_7aef02_528|1f0099_07a477_524|45637b_5166c4_520|1348c4_8f8fe3_516|9c3a5e_e68bc3_512|447113_29b7cc_508|8a8c06_2e83c2_504|28332c_cbcea0_500|2229c6_b4098f_496|4db72d_708c40_492|810e94_aa7c1a_488|80c6c3_41a0de_484;;-1
9/b;CLASS;1;9B;58a3fa_f9d36a_599|51e969_19be7a_595|c1f76f_90c43e_591|969850_413431_587|13c18a_109e07_583|e2a426_f88786_579|6751d4_daffbf_575|b4ec5f_4f8e96_571|04b03a_6578cc_567|83f6cc_13176f_563|a506d3_747d37_559|e6c43e_c6b266_555|49cec8_93bf8d_551|d7f5ea_c26249_547|b95624_6ec469_543|9a34df_dc70f6_539|ea0be2_8529b8_535|6671cb_5ed2e9_531|ef3c60_07b5e9_527|26a1ba_d51458_523|3e9fee_6ac078_519|7c3062_ebf0a8_515|68501b_17a822_511|e4a2ef_eea4a7_507|ee42ed_61d384_503|55b77c_1b0bd9_499|02c244_0a0de5_495|57dc8d_6e8212_491|262327_db7e28_487|f76425_ffa475_483;;-1
9/c;CLASS;1;9C;11fcff_949533_598|800984_4930b3_594|7dcfbd_0bf0da_590|689fbb_217daf_586|0f940a_ec5cbc_582|778b3a_df9033_578|6782f7_6b8580_574|cb4a71_f49171_570|8c82ac_7288da_566|c650a4_4053f2_562|f70079_3874d3_558|5fe780_d6d374_554|6f0623_167742_550|2c3ce6_f54c36_546|cd90cf_486142_542|829cb5_60d25e_538|406b23_edbb70_534|5e1963_05edb0_530|b171d2_803298_526|f44332_6d4024_522|d8cccc_cf88d9_518|f55e3a_d35d63_514|704e19_4f91b6_510|77c65d_0e5898_506|453246_57b023_502|fe9aa3_7725dd_498|ae532b_c07928_494|90ced4_da0d64_490|a8f32d_a83c15_486|6db36f_0107e0_482;;-1
9/d;CLASS;1;9D;6edbf7_8dcf99_597|1c6fe0_b2f03a_593|af72fa_35f804_589|259be7_816989_585|cd4883_0981b6_581|8eca2d_bb768b_577|bc3ab2_f64f4a_573|739285_3c5745_569|705bcf_35f961_565|ec2dde_bdd5dd_561|a899af_44d48f_557|df0166_9bd29a_553|1eedba_912029_549|e10503_a3e9aa_545|524053_251d63_541|540316_a147c0_537|8ba9b4_96adb6_533|19e9b6_1258b1_529|fa5539_d78602_525|a72122_c55771_521|e24fe0_b10a51_517|271539_a9c7e5_513|78ae4f_9973d2_509|287c52_1fa4e7_505|a1b2a1_d56005_501|22184f_2b68eb_497|4923e1_700346_493|5e81bf_57d4dd_489|ca3502_6cfb38_485|6d03d4_879d8b_481;;-1
9/a+b+c+d/pe;ES_PE;3;9A|9B|9C|9D;6d03d4_879d8b_481|287c52_1fa4e7_505|19e9b6_1258b1_529|df0166_9bd29a_553|8eca2d_bb768b_577|6db36f_0107e0_482|77c65d_0e5898_506|5e1963_05edb0_530|5fe780_d6d374_554|778b3a_df9033_578|f76425_ffa475_483|e4a2ef_eea4a7_507|6671cb_5ed2e9_531|e6c43e_c6b266_555|e2a426_f88786_579|80c6c3_41a0de_484|447113_29b7cc_508|0e69bc_0b6f6d_532|2da58e_e7ea69_556|fbe432_7ec9e9_580;;-1
9/a+b+c+d/art;ES_ART;3;9A|9B|9C|9D;a1b2a1_d56005_501|fa5539_d78602_525|1eedba_912029_549|bc3ab2_f64f4a_573|6edbf7_8dcf99_597|453246_57b023_502|b171d2_803298_526|6f0623_167742_550|6782f7_6b8580_574|11fcff_949533_598|ee42ed_61d384_503|ef3c60_07b5e9_527|49cec8_93bf8d_551|6751d4_daffbf_575|58a3fa_f9d36a_599|8a8c06_2e83c2_504|2487a8_7aef02_528|f0d47c_ad4122_552|6bfabf_56a11e_576|7c1a33_cff403_600;;-1
9/a+b+c+d/eco;ES_ECOLOGY;3;9A|9B|9C|9D;ca3502_6cfb38_485|78ae4f_9973d2_509|8ba9b4_96adb6_533|a899af_44d48f_557|cd4883_0981b6_581|a8f32d_a83c15_486|704e19_4f91b6_510|406b23_edbb70_534|f70079_3874d3_558|0f940a_ec5cbc_582|262327_db7e28_487|68501b_17a822_511|ea0be2_8529b8_535|a506d3_747d37_559|13c18a_109e07_583|810e94_aa7c1a_488|9c3a5e_e68bc3_512|78ea3e_cb10a7_536|7108b7_cf7c83_560|cef31e_4d1e79_584;;-1
9/a+b+c+d/cut;ES_COMPUTER_SCIENCE;3;9A|9B|9C|9D;22184f_2b68eb_497|a72122_c55771_521|e10503_a3e9aa_545|739285_3c5745_569|1c6fe0_b2f03a_593|fe9aa3_7725dd_498|f44332_6d4024_522|2c3ce6_f54c36_546|cb4a71_f49171_570|800984_4930b3_594|55b77c_1b0bd9_499|26a1ba_d51458_523|d7f5ea_c26249_547|b4ec5f_4f8e96_571|51e969_19be7a_595|28332c_cbcea0_500|1f0099_07a477_524|6d1da2_9f3904_548|cde482_0a6bd1_572|6d8768_e664f7_596;;-1
9/a+b+c+d/fre;ES_FRENCH;3;9A|9B|9C|9D;4923e1_700346_493|e24fe0_b10a51_517|524053_251d63_541|705bcf_35f961_565|af72fa_35f804_589|ae532b_c07928_494|d8cccc_cf88d9_518|cd90cf_486142_542|8c82ac_7288da_566|7dcfbd_0bf0da_590|02c244_0a0de5_495|3e9fee_6ac078_519|b95624_6ec469_543|04b03a_6578cc_567|c1f76f_90c43e_591|2229c6_b4098f_496|45637b_5166c4_520|7b10c7_e9f85a_544|7461ab_4c9dd0_568|75dd43_274eca_592;;-1
9/a+b+c+d/work;ES_WORK_THEORY;3;9A|9B|9C|9D;5e81bf_57d4dd_489|271539_a9c7e5_513|540316_a147c0_537|ec2dde_bdd5dd_561|259be7_816989_585|90ced4_da0d64_490|f55e3a_d35d63_514|829cb5_60d25e_538|c650a4_4053f2_562|689fbb_217daf_586|57dc8d_6e8212_491|7c3062_ebf0a8_515|9a34df_dc70f6_539|83f6cc_13176f_563|969850_413431_587|4db72d_708c40_492|1348c4_8f8fe3_516|213caf_14a63f_540|26858a_f4ad4a_564|bbb883_d06002_588;;-1
10/a+c/REL/KA;RELIGION_CA;2;10A|10C;4f443b_ad12af_717|38765e_73e185_705|cc7d87_110037_693|2a77a5_a0eb00_681|ef1c4e_2f4866_669|c6b415_deef88_657|a66813_b8e617_645|3d052d_a9cc59_633|1ac272_6558f7_621|71d80c_8be6bb_609|dcefa2_f054e8_719|62a4fe_e4b621_707|3b8b03_5b03b4_695|691016_5c4e33_683|617863_da5ace_671|06bc3b_31bd04_659|110d9e_3f74cb_647|42e8ae_51f34e_635|fd51bd_ed7e87_623|d4f452_cafd0e_611;;-1
10/a+c/REL/ET;RELIGION_ET;2;10A|10C;4758a1_da6760_713|92399a_6dd673_701|f6f69f_3fc3ba_689|c84aae_b06dd6_677|c3cb51_0e5c50_665|f10bea_3dd716_653|ab0dbc_96c16f_641|e8e0e5_59e0a7_629|b6ed36_0ed237_617|4d17fc_c3de24_605|5d12d4_db1f88_715|2b8e70_dca231_703|bff935_e05ec4_691|f86881_820adf_679|39345f_e22579_667|4a6ba0_2b17b0_655|56f516_23702f_643|d8c186_ad6cfe_631|ecf4bb_7ec7ee_619|a99b79_3694dc_607;;-1
10/a+c/REL/EV;RELIGION_EV;2;10A|10C;18429e_4a96dc_709|245df2_cf36f7_697|8cba97_afcafb_685|cec4c5_bff163_673|4ca7d0_33cc8b_661|72bbe8_a3845a_649|6ed480_1730fc_637|1ca1fd_8b6d7d_625|59d565_cda144_613|8c57ba_3fe6ad_601|b1c7c4_985297_711|56c116_d456d2_699|65f69b_251dc2_687|1f910a_60f277_675|b0e1e8_f9c6db_663|e4f65f_9c57a8_651|d92e26_079af4_639|4e79db_87922c_627|2c0c88_efe4de_615|87bb5a_39a656_603;;-1
10/b+d/REL/KA;RELIGION_CA;2;10B|10D;68d567_1662dc_710|d03210_21cbac_698|b08573_536a9b_686|7308e6_beb568_674|4273e3_b75a17_662|8970c1_74d204_650|93c0c0_f74643_638|b70a8d_37e21f_626|db5909_6f96e6_614|e94d1b_5d1d7d_602|ab7731_9ae90a_712|39473a_8c7af8_700|5c7fb0_16747f_688|2d4bc7_b6868d_676|0e36c4_1d3aac_664|e81311_195aeb_652|ff8645_f1fb73_640|a0edab_a4a086_628|2755a6_0c74a8_616|0f7868_00ad8c_604;;-1
10/b+d/REL/ET;RELIGION_ET;2;10B|10D;69b551_787544_714|f1ba1b_6d3294_702|b47ff5_992016_690|70f375_8f8efb_678|711790_4a1621_666|a7371d_735489_654|4ac10d_f07851_642|e19f7d_e451bf_630|7ce885_80a1be_618|7b5f26_efe605_606|8c0185_447601_716|ed90f6_2b7dc9_704|732f63_91d39a_692|0a057b_c9f0b8_680|c3d096_57231f_668|bcfdc5_888211_656|3af271_7893d5_644|1e17e9_88f16a_632|8f1926_67d9e0_620|531882_3d9e9f_608;;-1
10/b+d/REL/EV;RELIGION_EV;2;10B|10D;d6fd77_493ad1_718|bcb25e_2536da_706|050225_a8bee7_694|bfeaa2_9fa8ea_682|f4a91a_6bb480_670|3f9902_7a407e_658|cc38ca_98c2b6_646|e470e9_b6b470_634|ee3249_3453b4_622|252348_961800_610|6ecad1_f6d335_720|5c7323_e0c1df_708|004dc5_209001_696|d025c3_909bb8_684|6db8ca_d93066_672|6bc3a1_3bbffd_660|5d6f02_a33a5a_648|12cedd_2fbb46_636|78d0b2_5ceb57_624|1682e1_5c42e5_612;;-1
10/a+c/DEU/GK;GERMAN;3;10A|10C;18429e_4a96dc_709|245df2_cf36f7_697|8cba97_afcafb_685|cec4c5_bff163_673|4ca7d0_33cc8b_661|72bbe8_a3845a_649|6ed480_1730fc_637|1ca1fd_8b6d7d_625|59d565_cda144_613|8c57ba_3fe6ad_601|b1c7c4_985297_711|56c116_d456d2_699|65f69b_251dc2_687|1f910a_60f277_675|b0e1e8_f9c6db_663|e4f65f_9c57a8_651|d92e26_079af4_639|4e79db_87922c_627|2c0c88_efe4de_615|87bb5a_39a656_603;;-1
10/a+c/DEU/E1;GERMAN;3;10A|10C;4f443b_ad12af_717|38765e_73e185_705|cc7d87_110037_693|2a77a5_a0eb00_681|ef1c4e_2f4866_669|c6b415_deef88_657|a66813_b8e617_645|3d052d_a9cc59_633|1ac272_6558f7_621|71d80c_8be6bb_609|dcefa2_f054e8_719|62a4fe_e4b621_707|3b8b03_5b03b4_695|691016_5c4e33_683|617863_da5ace_671|06bc3b_31bd04_659|110d9e_3f74cb_647|42e8ae_51f34e_635|fd51bd_ed7e87_623|d4f452_cafd0e_611;;-1
10/a+c/DEU/E2;GERMAN;3;10A|10C;4758a1_da6760_713|92399a_6dd673_701|f6f69f_3fc3ba_689|c84aae_b06dd6_677|c3cb51_0e5c50_665|f10bea_3dd716_653|ab0dbc_96c16f_641|e8e0e5_59e0a7_629|b6ed36_0ed237_617|4d17fc_c3de24_605|5d12d4_db1f88_715|2b8e70_dca231_703|bff935_e05ec4_691|f86881_820adf_679|39345f_e22579_667|4a6ba0_2b17b0_655|56f516_23702f_643|d8c186_ad6cfe_631|ecf4bb_7ec7ee_619|a99b79_3694dc_607;;-1
10/b+d/DEU/GK;GERMAN;3;10B|10D;68d567_1662dc_710|d03210_21cbac_698|b08573_536a9b_686|7308e6_beb568_674|4273e3_b75a17_662|8970c1_74d204_650|93c0c0_f74643_638|b70a8d_37e21f_626|db5909_6f96e6_614|e94d1b_5d1d7d_602|ab7731_9ae90a_712|39473a_8c7af8_700|5c7fb0_16747f_688|2d4bc7_b6868d_676|0e36c4_1d3aac_664|e81311_195aeb_652|ff8645_f1fb73_640|a0edab_a4a086_628|2755a6_0c74a8_616|0f7868_00ad8c_604;;-1
10/b+d/DEU/E1;GERMAN;3;10B|10D;d6fd77_493ad1_718|bcb25e_2536da_706|050225_a8bee7_694|bfeaa2_9fa8ea_682|f4a91a_6bb480_670|3f9902_7a407e_658|cc38ca_98c2b6_646|e470e9_b6b470_634|ee3249_3453b4_622|252348_961800_610|6ecad1_f6d335_720|5c7323_e0c1df_708|004dc5_209001_696|d025c3_909bb8_684|6db8ca_d93066_672|6bc3a1_3bbffd_660|5d6f02_a33a5a_648|12cedd_2fbb46_636|78d0b2_5ceb57_624|1682e1_5c42e5_612;;-1
10/b+d/DEU/E2;GERMAN;3;10B|10D;69b551_787544_714|f1ba1b_6d3294_702|b47ff5_992016_690|70f375_8f8efb_678|711790_4a1621_666|a7371d_735489_654|4ac10d_f07851_642|e19f7d_e451bf_630|7ce885_80a1be_618|7b5f26_efe605_606|8c0185_447601_716|ed90f6_2b7dc9_704|732f63_91d39a_692|0a057b_c9f0b8_680|c3d096_57231f_668|bcfdc5_888211_656|3af271_7893d5_644|1e17e9_88f16a_632|8f1926_67d9e0_620|531882_3d9e9f_608;;-1
10/a+c/ENG/GK;ENGLISH;4;10A|10C;d4f452_cafd0e_611|fd51bd_ed7e87_623|42e8ae_51f34e_635|110d9e_3f74cb_647|06bc3b_31bd04_659|617863_da5ace_671|691016_5c4e33_683|3b8b03_5b03b4_695|62a4fe_e4b621_707|dcefa2_f054e8_719|71d80c_8be6bb_609|1ac272_6558f7_621|3d052d_a9cc59_633|a66813_b8e617_645|c6b415_deef88_657|ef1c4e_2f4866_669|2a77a5_a0eb00_681|cc7d87_110037_693|38765e_73e185_705|4f443b_ad12af_717;;-1
10/a+c/ENG/E1;ENGLISH;4;10A|10C;a99b79_3694dc_607|ecf4bb_7ec7ee_619|d8c186_ad6cfe_631|56f516_23702f_643|4a6ba0_2b17b0_655|39345f_e22579_667|f86881_820adf_679|bff935_e05ec4_691|2b8e70_dca231_703|5d12d4_db1f88_715|4d17fc_c3de24_605|b6ed36_0ed237_617|e8e0e5_59e0a7_629|ab0dbc_96c16f_641|f10bea_3dd716_653|c3cb51_0e5c50_665|c84aae_b06dd6_677|f6f69f_3fc3ba_689|92399a_6dd673_701|4758a1_da6760_713;;-1
10/a+c/ENG/E2;ENGLISH;4;10A|10C;87bb5a_39a656_603|2c0c88_efe4de_615|4e79db_87922c_627|d92e26_079af4_639|e4f65f_9c57a8_651|b0e1e8_f9c6db_663|1f910a_60f277_675|65f69b_251dc2_687|56c116_d456d2_699|b1c7c4_985297_711|8c57ba_3fe6ad_601|59d565_cda144_613|1ca1fd_8b6d7d_625|6ed480_1730fc_637|72bbe8_a3845a_649|4ca7d0_33cc8b_661|cec4c5_bff163_673|8cba97_afcafb_685|245df2_cf36f7_697|18429e_4a96dc_709;;-1
10/b+d/ENG/GK;ENGLISH;4;10B|10D;0f7868_00ad8c_604|2755a6_0c74a8_616|a0edab_a4a086_628|ff8645_f1fb73_640|e81311_195aeb_652|0e36c4_1d3aac_664|2d4bc7_b6868d_676|5c7fb0_16747f_688|39473a_8c7af8_700|ab7731_9ae90a_712|e94d1b_5d1d7d_602|db5909_6f96e6_614|b70a8d_37e21f_626|93c0c0_f74643_638|8970c1_74d204_650|4273e3_b75a17_662|7308e6_beb568_674|b08573_536a9b_686|d03210_21cbac_698|68d567_1662dc_710;;-1
10/b+d/ENG/E1;ENGLISH;4;10B|10D;531882_3d9e9f_608|8f1926_67d9e0_620|1e17e9_88f16a_632|3af271_7893d5_644|bcfdc5_888211_656|c3d096_57231f_668|0a057b_c9f0b8_680|732f63_91d39a_692|ed90f6_2b7dc9_704|8c0185_447601_716|7b5f26_efe605_606|7ce885_80a1be_618|e19f7d_e451bf_630|4ac10d_f07851_642|a7371d_735489_654|711790_4a1621_666|70f375_8f8efb_678|b47ff5_992016_690|f1ba1b_6d3294_702|69b551_787544_714;;-1
10/b+d/ENG/E2;ENGLISH;4;10B|10D;1682e1_5c42e5_612|78d0b2_5ceb57_624|12cedd_2fbb46_636|5d6f02_a33a5a_648|6bc3a1_3bbffd_660|6db8ca_d93066_672|d025c3_909bb8_684|004dc5_209001_696|5c7323_e0c1df_708|6ecad1_f6d335_720|252348_961800_610|ee3249_3453b4_622|e470e9_b6b470_634|cc38ca_98c2b6_646|3f9902_7a407e_658|f4a91a_6bb480_670|bfeaa2_9fa8ea_682|050225_a8bee7_694|bcb25e_2536da_706|d6fd77_493ad1_718;;-1
10/a+c/MAT/GK;MATHS;4;10A|10C;87bb5a_39a656_603|2c0c88_efe4de_615|4e79db_87922c_627|d92e26_079af4_639|e4f65f_9c57a8_651|b0e1e8_f9c6db_663|1f910a_60f277_675|65f69b_251dc2_687|56c116_d456d2_699|b1c7c4_985297_711|8c57ba_3fe6ad_601|59d565_cda144_613|1ca1fd_8b6d7d_625|6ed480_1730fc_637|72bbe8_a3845a_649|4ca7d0_33cc8b_661|cec4c5_bff163_673|8cba97_afcafb_685|245df2_cf36f7_697|18429e_4a96dc_709;;-1
10/a+c/MAT/E1;MATHS;4;10A|10C;d4f452_cafd0e_611|fd51bd_ed7e87_623|42e8ae_51f34e_635|110d9e_3f74cb_647|06bc3b_31bd04_659|617863_da5ace_671|691016_5c4e33_683|3b8b03_5b03b4_695|62a4fe_e4b621_707|dcefa2_f054e8_719|71d80c_8be6bb_609|1ac272_6558f7_621|3d052d_a9cc59_633|a66813_b8e617_645|c6b415_deef88_657|ef1c4e_2f4866_669|2a77a5_a0eb00_681|cc7d87_110037_693|38765e_73e185_705|4f443b_ad12af_717;;-1
10/a+c/MAT/E2;MATHS;4;10A|10C;a99b79_3694dc_607|ecf4bb_7ec7ee_619|d8c186_ad6cfe_631|56f516_23702f_643|4a6ba0_2b17b0_655|39345f_e22579_667|f86881_820adf_679|bff935_e05ec4_691|2b8e70_dca231_703|5d12d4_db1f88_715|4d17fc_c3de24_605|b6ed36_0ed237_617|e8e0e5_59e0a7_629|ab0dbc_96c16f_641|f10bea_3dd716_653|c3cb51_0e5c50_665|c84aae_b06dd6_677|f6f69f_3fc3ba_689|92399a_6dd673_701|4758a1_da6760_713;;-1
10/b+d/MAT/GK;MATHS;4;10B|10D;0f7868_00ad8c_604|2755a6_0c74a8_616|a0edab_a4a086_628|ff8645_f1fb73_640|e81311_195aeb_652|0e36c4_1d3aac_664|2d4bc7_b6868d_676|5c7fb0_16747f_688|39473a_8c7af8_700|ab7731_9ae90a_712|e94d1b_5d1d7d_602|db5909_6f96e6_614|b70a8d_37e21f_626|93c0c0_f74643_638|8970c1_74d204_650|4273e3_b75a17_662|7308e6_beb568_674|b08573_536a9b_686|d03210_21cbac_698|68d567_1662dc_710;;-1
10/b+d/MAT/E1;MATHS;4;10B|10D;1682e1_5c42e5_612|78d0b2_5ceb57_624|12cedd_2fbb46_636|5d6f02_a33a5a_648|6bc3a1_3bbffd_660|6db8ca_d93066_672|d025c3_909bb8_684|004dc5_209001_696|5c7323_e0c1df_708|6ecad1_f6d335_720|252348_961800_610|ee3249_3453b4_622|e470e9_b6b470_634|cc38ca_98c2b6_646|3f9902_7a407e_658|f4a91a_6bb480_670|bfeaa2_9fa8ea_682|050225_a8bee7_694|bcb25e_2536da_706|d6fd77_493ad1_718;;-1
10/b+d/MAT/E2;MATHS;4;10B|10D;531882_3d9e9f_608|8f1926_67d9e0_620|1e17e9_88f16a_632|3af271_7893d5_644|bcfdc5_888211_656|c3d096_57231f_668|0a057b_c9f0b8_680|732f63_91d39a_692|ed90f6_2b7dc9_704|8c0185_447601_716|7b5f26_efe605_606|7ce885_80a1be_618|e19f7d_e451bf_630|4ac10d_f07851_642|a7371d_735489_654|711790_4a1621_666|70f375_8f8efb_678|b47ff5_992016_690|f1ba1b_6d3294_702|69b551_787544_714;;-1
10/a;SOCIETY_SCIENCE;3;10A;4f443b_ad12af_717|4758a1_da6760_713|18429e_4a96dc_709|38765e_73e185_705|92399a_6dd673_701|245df2_cf36f7_697|cc7d87_110037_693|f6f69f_3fc3ba_689|8cba97_afcafb_685|2a77a5_a0eb00_681|c84aae_b06dd6_677|cec4c5_bff163_673|ef1c4e_2f4866_669|c3cb51_0e5c50_665|4ca7d0_33cc8b_661|c6b415_deef88_657|f10bea_3dd716_653|72bbe8_a3845a_649|a66813_b8e617_645|ab0dbc_96c16f_641|6ed480_1730fc_637|3d052d_a9cc59_633|e8e0e5_59e0a7_629|1ca1fd_8b6d7d_625|1ac272_6558f7_621|b6ed36_0ed237_617|59d565_cda144_613|71d80c_8be6bb_609|4d17fc_c3de24_605|8c57ba_3fe6ad_601;;-1
10/b;SOCIETY_SCIENCE;3;10B;d6fd77_493ad1_718|69b551_787544_714|68d567_1662dc_710|bcb25e_2536da_706|f1ba1b_6d3294_702|d03210_21cbac_698|050225_a8bee7_694|b47ff5_992016_690|b08573_536a9b_686|bfeaa2_9fa8ea_682|70f375_8f8efb_678|7308e6_beb568_674|f4a91a_6bb480_670|711790_4a1621_666|4273e3_b75a17_662|3f9902_7a407e_658|a7371d_735489_654|8970c1_74d204_650|cc38ca_98c2b6_646|4ac10d_f07851_642|93c0c0_f74643_638|e470e9_b6b470_634|e19f7d_e451bf_630|b70a8d_37e21f_626|ee3249_3453b4_622|7ce885_80a1be_618|db5909_6f96e6_614|252348_961800_610|7b5f26_efe605_606|e94d1b_5d1d7d_602;;-1
10/c;SOCIETY_SCIENCE;3;10C;dcefa2_f054e8_719|5d12d4_db1f88_715|b1c7c4_985297_711|62a4fe_e4b621_707|2b8e70_dca231_703|56c116_d456d2_699|3b8b03_5b03b4_695|bff935_e05ec4_691|65f69b_251dc2_687|691016_5c4e33_683|f86881_820adf_679|1f910a_60f277_675|617863_da5ace_671|39345f_e22579_667|b0e1e8_f9c6db_663|06bc3b_31bd04_659|4a6ba0_2b17b0_655|e4f65f_9c57a8_651|110d9e_3f74cb_647|56f516_23702f_643|d92e26_079af4_639|42e8ae_51f34e_635|d8c186_ad6cfe_631|4e79db_87922c_627|fd51bd_ed7e87_623|ecf4bb_7ec7ee_619|2c0c88_efe4de_615|d4f452_cafd0e_611|a99b79_3694dc_607|87bb5a_39a656_603;;-1
10/d;SOCIETY_SCIENCE;3;10D;6ecad1_f6d335_720|8c0185_447601_716|ab7731_9ae90a_712|5c7323_e0c1df_708|ed90f6_2b7dc9_704|39473a_8c7af8_700|004dc5_209001_696|732f63_91d39a_692|5c7fb0_16747f_688|d025c3_909bb8_684|0a057b_c9f0b8_680|2d4bc7_b6868d_676|6db8ca_d93066_672|c3d096_57231f_668|0e36c4_1d3aac_664|6bc3a1_3bbffd_660|bcfdc5_888211_656|e81311_195aeb_652|5d6f02_a33a5a_648|3af271_7893d5_644|ff8645_f1fb73_640|12cedd_2fbb46_636|1e17e9_88f16a_632|a0edab_a4a086_628|78d0b2_5ceb57_624|8f1926_67d9e0_620|2755a6_0c74a8_616|1682e1_5c42e5_612|531882_3d9e9f_608|0f7868_00ad8c_604;;-1
10/a+c/CHE/E1;CHEMISTRY;2;10A|10C;d4f452_cafd0e_611|fd51bd_ed7e87_623|42e8ae_51f34e_635|110d9e_3f74cb_647|06bc3b_31bd04_659|617863_da5ace_671|691016_5c4e33_683|3b8b03_5b03b4_695|62a4fe_e4b621_707|dcefa2_f054e8_719|71d80c_8be6bb_609|1ac272_6558f7_621|3d052d_a9cc59_633|a66813_b8e617_645|c6b415_deef88_657|ef1c4e_2f4866_669|2a77a5_a0eb00_681|cc7d87_110037_693|38765e_73e185_705|4f443b_ad12af_717;;-1
10/a+c/CHE/E2;CHEMISTRY;2;10A|10C;a99b79_3694dc_607|ecf4bb_7ec7ee_619|d8c186_ad6cfe_631|56f516_23702f_643|4a6ba0_2b17b0_655|39345f_e22579_667|f86881_820adf_679|bff935_e05ec4_691|2b8e70_dca231_703|5d12d4_db1f88_715|4d17fc_c3de24_605|b6ed36_0ed237_617|e8e0e5_59e0a7_629|ab0dbc_96c16f_641|f10bea_3dd716_653|c3cb51_0e5c50_665|c84aae_b06dd6_677|f6f69f_3fc3ba_689|92399a_6dd673_701|4758a1_da6760_713;;-1
10/a+c/CHE/GK;CHEMISTRY;2;10A|10C;87bb5a_39a656_603|2c0c88_efe4de_615|4e79db_87922c_627|d92e26_079af4_639|e4f65f_9c57a8_651|b0e1e8_f9c6db_663|1f910a_60f277_675|65f69b_251dc2_687|56c116_d456d2_699|b1c7c4_985297_711|8c57ba_3fe6ad_601|59d565_cda144_613|1ca1fd_8b6d7d_625|6ed480_1730fc_637|72bbe8_a3845a_649|4ca7d0_33cc8b_661|cec4c5_bff163_673|8cba97_afcafb_685|245df2_cf36f7_697|18429e_4a96dc_709;;-1
10/b+d/CHE/E1;CHEMISTRY;2;10B|10D;1682e1_5c42e5_612|78d0b2_5ceb57_624|12cedd_2fbb46_636|5d6f02_a33a5a_648|6bc3a1_3bbffd_660|6db8ca_d93066_672|d025c3_909bb8_684|004dc5_209001_696|5c7323_e0c1df_708|6ecad1_f6d335_720|252348_961800_610|ee3249_3453b4_622|e470e9_b6b470_634|cc38ca_98c2b6_646|3f9902_7a407e_658|f4a91a_6bb480_670|bfeaa2_9fa8ea_682|050225_a8bee7_694|bcb25e_2536da_706|d6fd77_493ad1_718;;-1
10/b+d/CHE/E2;CHEMISTRY;2;10B|10D;0f7868_00ad8c_604|2755a6_0c74a8_616|a0edab_a4a086_628|ff8645_f1fb73_640|e81311_195aeb_652|0e36c4_1d3aac_664|2d4bc7_b6868d_676|5c7fb0_16747f_688|39473a_8c7af8_700|ab7731_9ae90a_712|e94d1b_5d1d7d_602|db5909_6f96e6_614|b70a8d_37e21f_626|93c0c0_f74643_638|8970c1_74d204_650|4273e3_b75a17_662|7308e6_beb568_674|b08573_536a9b_686|d03210_21cbac_698|68d567_1662dc_710;;-1
10/b+d/CHE/GK;CHEMISTRY;2;10B|10D;531882_3d9e9f_608|8f1926_67d9e0_620|1e17e9_88f16a_632|3af271_7893d5_644|bcfdc5_888211_656|c3d096_57231f_668|0a057b_c9f0b8_680|732f63_91d39a_692|ed90f6_2b7dc9_704|8c0185_447601_716|7b5f26_efe605_606|7ce885_80a1be_618|e19f7d_e451bf_630|4ac10d_f07851_642|a7371d_735489_654|711790_4a1621_666|70f375_8f8efb_678|b47ff5_992016_690|f1ba1b_6d3294_702|69b551_787544_714;;-1
10/a+c/PHY/E1;PHYSICS;2;10A|10C;4758a1_da6760_713|92399a_6dd673_701|f6f69f_3fc3ba_689|c84aae_b06dd6_677|c3cb51_0e5c50_665|f10bea_3dd716_653|ab0dbc_96c16f_641|e8e0e5_59e0a7_629|b6ed36_0ed237_617|4d17fc_c3de24_605|5d12d4_db1f88_715|2b8e70_dca231_703|bff935_e05ec4_691|f86881_820adf_679|39345f_e22579_667|4a6ba0_2b17b0_655|56f516_23702f_643|d8c186_ad6cfe_631|ecf4bb_7ec7ee_619|a99b79_3694dc_607;;-1
10/a+c/PHY/E2;PHYSICS;2;10A|10C;4f443b_ad12af_717|38765e_73e185_705|cc7d87_110037_693|2a77a5_a0eb00_681|ef1c4e_2f4866_669|c6b415_deef88_657|a66813_b8e617_645|3d052d_a9cc59_633|1ac272_6558f7_621|71d80c_8be6bb_609|dcefa2_f054e8_719|62a4fe_e4b621_707|3b8b03_5b03b4_695|691016_5c4e33_683|617863_da5ace_671|06bc3b_31bd04_659|110d9e_3f74cb_647|42e8ae_51f34e_635|fd51bd_ed7e87_623|d4f452_cafd0e_611;;-1
10/a+c/PHY/GK;PHYSICS;2;10A|10C;18429e_4a96dc_709|245df2_cf36f7_697|8cba97_afcafb_685|cec4c5_bff163_673|4ca7d0_33cc8b_661|72bbe8_a3845a_649|6ed480_1730fc_637|1ca1fd_8b6d7d_625|59d565_cda144_613|8c57ba_3fe6ad_601|b1c7c4_985297_711|56c116_d456d2_699|65f69b_251dc2_687|1f910a_60f277_675|b0e1e8_f9c6db_663|e4f65f_9c57a8_651|d92e26_079af4_639|4e79db_87922c_627|2c0c88_efe4de_615|87bb5a_39a656_603;;-1
10/b+d/PHY/E1;PHYSICS;2;10B|10D;69b551_787544_714|f1ba1b_6d3294_702|b47ff5_992016_690|70f375_8f8efb_678|711790_4a1621_666|a7371d_735489_654|4ac10d_f07851_642|e19f7d_e451bf_630|7ce885_80a1be_618|7b5f26_efe605_606|8c0185_447601_716|ed90f6_2b7dc9_704|732f63_91d39a_692|0a057b_c9f0b8_680|c3d096_57231f_668|bcfdc5_888211_656|3af271_7893d5_644|1e17e9_88f16a_632|8f1926_67d9e0_620|531882_3d9e9f_608;;-1
10/b+d/PHY/E2;PHYSICS;2;10B|10D;d6fd77_493ad1_718|bcb25e_2536da_706|050225_a8bee7_694|bfeaa2_9fa8ea_682|f4a91a_6bb480_670|3f9902_7a407e_658|cc38ca_98c2b6_646|e470e9_b6b470_634|ee3249_3453b4_622|252348_961800_610|6ecad1_f6d335_720|5c7323_e0c1df_708|004dc5_209001_696|d025c3_909bb8_684|6db8ca_d93066_672|6bc3a1_3bbffd_660|5d6f02_a33a5a_648|12cedd_2fbb46_636|78d0b2_5ceb57_624|1682e1_5c42e5_612;;-1
10/b+d/PHY/GK;PHYSICS;2;10B|10D;68d567_1662dc_710|d03210_21cbac_698|b08573_536a9b_686|7308e6_beb568_674|4273e3_b75a17_662|8970c1_74d204_650|93c0c0_f74643_638|b70a8d_37e21f_626|db5909_6f96e6_614|e94d1b_5d1d7d_602|ab7731_9ae90a_712|39473a_8c7af8_700|5c7fb0_16747f_688|2d4bc7_b6868d_676|0e36c4_1d3aac_664|e81311_195aeb_652|ff8645_f1fb73_640|a0edab_a4a086_628|2755a6_0c74a8_616|0f7868_00ad8c_604;;-1
10/a+c/BIO/E1;BIOLOGY;2;10A|10C;a99b79_3694dc_607|ecf4bb_7ec7ee_619|d8c186_ad6cfe_631|56f516_23702f_643|4a6ba0_2b17b0_655|39345f_e22579_667|f86881_820adf_679|bff935_e05ec4_691|2b8e70_dca231_703|5d12d4_db1f88_715|4d17fc_c3de24_605|b6ed36_0ed237_617|e8e0e5_59e0a7_629|ab0dbc_96c16f_641|f10bea_3dd716_653|c3cb51_0e5c50_665|c84aae_b06dd6_677|f6f69f_3fc3ba_689|92399a_6dd673_701|4758a1_da6760_713;;-1
10/a+c/BIO/E2;BIOLOGY;2;10A|10C;d4f452_cafd0e_611|fd51bd_ed7e87_623|42e8ae_51f34e_635|110d9e_3f74cb_647|06bc3b_31bd04_659|617863_da5ace_671|691016_5c4e33_683|3b8b03_5b03b4_695|62a4fe_e4b621_707|dcefa2_f054e8_719|71d80c_8be6bb_609|1ac272_6558f7_621|3d052d_a9cc59_633|a66813_b8e617_645|c6b415_deef88_657|ef1c4e_2f4866_669|2a77a5_a0eb00_681|cc7d87_110037_693|38765e_73e185_705|4f443b_ad12af_717;;-1
10/a+c/BIO/GK;BIOLOGY;2;10A|10C;87bb5a_39a656_603|2c0c88_efe4de_615|4e79db_87922c_627|d92e26_079af4_639|e4f65f_9c57a8_651|b0e1e8_f9c6db_663|1f910a_60f277_675|65f69b_251dc2_687|56c116_d456d2_699|b1c7c4_985297_711|8c57ba_3fe6ad_601|59d565_cda144_613|1ca1fd_8b6d7d_625|6ed480_1730fc_637|72bbe8_a3845a_649|4ca7d0_33cc8b_661|cec4c5_bff163_673|8cba97_afcafb_685|245df2_cf36f7_697|18429e_4a96dc_709;;-1
10/b+d/BIO/E1;BIOLOGY;2;10B|10D;1682e1_5c42e5_612|78d0b2_5ceb57_624|12cedd_2fbb46_636|5d6f02_a33a5a_648|6bc3a1_3bbffd_660|6db8ca_d93066_672|d025c3_909bb8_684|004dc5_209001_696|5c7323_e0c1df_708|6ecad1_f6d335_720|252348_961800_610|ee3249_3453b4_622|e470e9_b6b470_634|cc38ca_98c2b6_646|3f9902_7a407e_658|f4a91a_6bb480_670|bfeaa2_9fa8ea_682|050225_a8bee7_694|bcb25e_2536da_706|d6fd77_493ad1_718;;-1
10/b+d/BIO/E2;BIOLOGY;2;10B|10D;531882_3d9e9f_608|8f1926_67d9e0_620|1e17e9_88f16a_632|3af271_7893d5_644|bcfdc5_888211_656|c3d096_57231f_668|0a057b_c9f0b8_680|732f63_91d39a_692|ed90f6_2b7dc9_704|8c0185_447601_716|7b5f26_efe605_606|7ce885_80a1be_618|e19f7d_e451bf_630|4ac10d_f07851_642|a7371d_735489_654|711790_4a1621_666|70f375_8f8efb_678|b47ff5_992016_690|f1ba1b_6d3294_702|69b551_787544_714;;-1
10/b+d/BIO/GK;BIOLOGY;2;10B|10D;0f7868_00ad8c_604|2755a6_0c74a8_616|a0edab_a4a086_628|ff8645_f1fb73_640|e81311_195aeb_652|0e36c4_1d3aac_664|2d4bc7_b6868d_676|5c7fb0_16747f_688|39473a_8c7af8_700|ab7731_9ae90a_712|e94d1b_5d1d7d_602|db5909_6f96e6_614|b70a8d_37e21f_626|93c0c0_f74643_638|8970c1_74d204_650|4273e3_b75a17_662|7308e6_beb568_674|b08573_536a9b_686|d03210_21cbac_698|68d567_1662dc_710;;-1
10/a;MUSIC;2;10A;4f443b_ad12af_717|4758a1_da6760_713|18429e_4a96dc_709|38765e_73e185_705|92399a_6dd673_701|245df2_cf36f7_697|cc7d87_110037_693|f6f69f_3fc3ba_689|8cba97_afcafb_685|2a77a5_a0eb00_681|c84aae_b06dd6_677|cec4c5_bff163_673|ef1c4e_2f4866_669|c3cb51_0e5c50_665|4ca7d0_33cc8b_661|c6b415_deef88_657|f10bea_3dd716_653|72bbe8_a3845a_649|a66813_b8e617_645|ab0dbc_96c16f_641|6ed480_1730fc_637|3d052d_a9cc59_633|e8e0e5_59e0a7_629|1ca1fd_8b6d7d_625|1ac272_6558f7_621|b6ed36_0ed237_617|59d565_cda144_613|71d80c_8be6bb_609|4d17fc_c3de24_605|8c57ba_3fe6ad_601;;-1
10/b;MUSIC;2;10B;d6fd77_493ad1_718|69b551_787544_714|68d567_1662dc_710|bcb25e_2536da_706|f1ba1b_6d3294_702|d03210_21cbac_698|050225_a8bee7_694|b47ff5_992016_690|b08573_536a9b_686|bfeaa2_9fa8ea_682|70f375_8f8efb_678|7308e6_beb568_674|f4a91a_6bb480_670|711790_4a1621_666|4273e3_b75a17_662|3f9902_7a407e_658|a7371d_735489_654|8970c1_74d204_650|cc38ca_98c2b6_646|4ac10d_f07851_642|93c0c0_f74643_638|e470e9_b6b470_634|e19f7d_e451bf_630|b70a8d_37e21f_626|ee3249_3453b4_622|7ce885_80a1be_618|db5909_6f96e6_614|252348_961800_610|7b5f26_efe605_606|e94d1b_5d1d7d_602;;-1
10/c;MUSIC;2;10C;dcefa2_f054e8_719|5d12d4_db1f88_715|b1c7c4_985297_711|62a4fe_e4b621_707|2b8e70_dca231_703|56c116_d456d2_699|3b8b03_5b03b4_695|bff935_e05ec4_691|65f69b_251dc2_687|691016_5c4e33_683|f86881_820adf_679|1f910a_60f277_675|617863_da5ace_671|39345f_e22579_667|b0e1e8_f9c6db_663|06bc3b_31bd04_659|4a6ba0_2b17b0_655|e4f65f_9c57a8_651|110d9e_3f74cb_647|56f516_23702f_643|d92e26_079af4_639|42e8ae_51f34e_635|d8c186_ad6cfe_631|4e79db_87922c_627|fd51bd_ed7e87_623|ecf4bb_7ec7ee_619|2c0c88_efe4de_615|d4f452_cafd0e_611|a99b79_3694dc_607|87bb5a_39a656_603;;-1
10/d;MUSIC;2;10D;6ecad1_f6d335_720|8c0185_447601_716|ab7731_9ae90a_712|5c7323_e0c1df_708|ed90f6_2b7dc9_704|39473a_8c7af8_700|004dc5_209001_696|732f63_91d39a_692|5c7fb0_16747f_688|d025c3_909bb8_684|0a057b_c9f0b8_680|2d4bc7_b6868d_676|6db8ca_d93066_672|c3d096_57231f_668|0e36c4_1d3aac_664|6bc3a1_3bbffd_660|bcfdc5_888211_656|e81311_195aeb_652|5d6f02_a33a5a_648|3af271_7893d5_644|ff8645_f1fb73_640|12cedd_2fbb46_636|1e17e9_88f16a_632|a0edab_a4a086_628|78d0b2_5ceb57_624|8f1926_67d9e0_620|2755a6_0c74a8_616|1682e1_5c42e5_612|531882_3d9e9f_608|0f7868_00ad8c_604;;-1
10/a;PE;2;10A;4f443b_ad12af_717|4758a1_da6760_713|18429e_4a96dc_709|38765e_73e185_705|92399a_6dd673_701|245df2_cf36f7_697|cc7d87_110037_693|f6f69f_3fc3ba_689|8cba97_afcafb_685|2a77a5_a0eb00_681|c84aae_b06dd6_677|cec4c5_bff163_673|ef1c4e_2f4866_669|c3cb51_0e5c50_665|4ca7d0_33cc8b_661|c6b415_deef88_657|f10bea_3dd716_653|72bbe8_a3845a_649|a66813_b8e617_645|ab0dbc_96c16f_641|6ed480_1730fc_637|3d052d_a9cc59_633|e8e0e5_59e0a7_629|1ca1fd_8b6d7d_625|1ac272_6558f7_621|b6ed36_0ed237_617|59d565_cda144_613|71d80c_8be6bb_609|4d17fc_c3de24_605|8c57ba_3fe6ad_601;;-1
10/b;PE;2;10B;d6fd77_493ad1_718|69b551_787544_714|68d567_1662dc_710|bcb25e_2536da_706|f1ba1b_6d3294_702|d03210_21cbac_698|050225_a8bee7_694|b47ff5_992016_690|b08573_536a9b_686|bfeaa2_9fa8ea_682|70f375_8f8efb_678|7308e6_beb568_674|f4a91a_6bb480_670|711790_4a1621_666|4273e3_b75a17_662|3f9902_7a407e_658|a7371d_735489_654|8970c1_74d204_650|cc38ca_98c2b6_646|4ac10d_f07851_642|93c0c0_f74643_638|e470e9_b6b470_634|e19f7d_e451bf_630|b70a8d_37e21f_626|ee3249_3453b4_622|7ce885_80a1be_618|db5909_6f96e6_614|252348_961800_610|7b5f26_efe605_606|e94d1b_5d1d7d_602;;-1
10/c;PE;2;10C;dcefa2_f054e8_719|5d12d4_db1f88_715|b1c7c4_985297_711|62a4fe_e4b621_707|2b8e70_dca231_703|56c116_d456d2_699|3b8b03_5b03b4_695|bff935_e05ec4_691|65f69b_251dc2_687|691016_5c4e33_683|f86881_820adf_679|1f910a_60f277_675|617863_da5ace_671|39345f_e22579_667|b0e1e8_f9c6db_663|06bc3b_31bd04_659|4a6ba0_2b17b0_655|e4f65f_9c57a8_651|110d9e_3f74cb_647|56f516_23702f_643|d92e26_079af4_639|42e8ae_51f34e_635|d8c186_ad6cfe_631|4e79db_87922c_627|fd51bd_ed7e87_623|ecf4bb_7ec7ee_619|2c0c88_efe4de_615|d4f452_cafd0e_611|a99b79_3694dc_607|87bb5a_39a656_603;;-1
10/d;PE;2;10D;6ecad1_f6d335_720|8c0185_447601_716|ab7731_9ae90a_712|5c7323_e0c1df_708|ed90f6_2b7dc9_704|39473a_8c7af8_700|004dc5_209001_696|732f63_91d39a_692|5c7fb0_16747f_688|d025c3_909bb8_684|0a057b_c9f0b8_680|2d4bc7_b6868d_676|6db8ca_d93066_672|c3d096_57231f_668|0e36c4_1d3aac_664|6bc3a1_3bbffd_660|bcfdc5_888211_656|e81311_195aeb_652|5d6f02_a33a5a_648|3af271_7893d5_644|ff8645_f1fb73_640|12cedd_2fbb46_636|1e17e9_88f16a_632|a0edab_a4a086_628|78d0b2_5ceb57_624|8f1926_67d9e0_620|2755a6_0c74a8_616|1682e1_5c42e5_612|531882_3d9e9f_608|0f7868_00ad8c_604;;-1
10/a;CLASS;1;10A;4f443b_ad12af_717|4758a1_da6760_713|18429e_4a96dc_709|38765e_73e185_705|92399a_6dd673_701|245df2_cf36f7_697|cc7d87_110037_693|f6f69f_3fc3ba_689|8cba97_afcafb_685|2a77a5_a0eb00_681|c84aae_b06dd6_677|cec4c5_bff163_673|ef1c4e_2f4866_669|c3cb51_0e5c50_665|4ca7d0_33cc8b_661|c6b415_deef88_657|f10bea_3dd716_653|72bbe8_a3845a_649|a66813_b8e617_645|ab0dbc_96c16f_641|6ed480_1730fc_637|3d052d_a9cc59_633|e8e0e5_59e0a7_629|1ca1fd_8b6d7d_625|1ac272_6558f7_621|b6ed36_0ed237_617|59d565_cda144_613|71d80c_8be6bb_609|4d17fc_c3de24_605|8c57ba_3fe6ad_601;;-1
10/b;CLASS;1;10B;d6fd77_493ad1_718|69b551_787544_714|68d567_1662dc_710|bcb25e_2536da_706|f1ba1b_6d3294_702|d03210_21cbac_698|050225_a8bee7_694|b47ff5_992016_690|b08573_536a9b_686|bfeaa2_9fa8ea_682|70f375_8f8efb_678|7308e6_beb568_674|f4a91a_6bb480_670|711790_4a1621_666|4273e3_b75a17_662|3f9902_7a407e_658|a7371d_735489_654|8970c1_74d204_650|cc38ca_98c2b6_646|4ac10d_f07851_642|93c0c0_f74643_638|e470e9_b6b470_634|e19f7d_e451bf_630|b70a8d_37e21f_626|ee3249_3453b4_622|7ce885_80a1be_618|db5909_6f96e6_614|252348_961800_610|7b5f26_efe605_606|e94d1b_5d1d7d_602;;-1
10/c;CLASS;1;10C;dcefa2_f054e8_719|5d12d4_db1f88_715|b1c7c4_985297_711|62a4fe_e4b621_707|2b8e70_dca231_703|56c116_d456d2_699|3b8b03_5b03b4_695|bff935_e05ec4_691|65f69b_251dc2_687|691016_5c4e33_683|f86881_820adf_679|1f910a_60f277_675|617863_da5ace_671|39345f_e22579_667|b0e1e8_f9c6db_663|06bc3b_31bd04_659|4a6ba0_2b17b0_655|e4f65f_9c57a8_651|110d9e_3f74cb_647|56f516_23702f_643|d92e26_079af4_639|42e8ae_51f34e_635|d8c186_ad6cfe_631|4e79db_87922c_627|fd51bd_ed7e87_623|ecf4bb_7ec7ee_619|2c0c88_efe4de_615|d4f452_cafd0e_611|a99b79_3694dc_607|87bb5a_39a656_603;;-1
10/d;CLASS;1;10D;6ecad1_f6d335_720|8c0185_447601_716|ab7731_9ae90a_712|5c7323_e0c1df_708|ed90f6_2b7dc9_704|39473a_8c7af8_700|004dc5_209001_696|732f63_91d39a_692|5c7fb0_16747f_688|d025c3_909bb8_684|0a057b_c9f0b8_680|2d4bc7_b6868d_676|6db8ca_d93066_672|c3d096_57231f_668|0e36c4_1d3aac_664|6bc3a1_3bbffd_660|bcfdc5_888211_656|e81311_195aeb_652|5d6f02_a33a5a_648|3af271_7893d5_644|ff8645_f1fb73_640|12cedd_2fbb46_636|1e17e9_88f16a_632|a0edab_a4a086_628|78d0b2_5ceb57_624|8f1926_67d9e0_620|2755a6_0c74a8_616|1682e1_5c42e5_612|531882_3d9e9f_608|0f7868_00ad8c_604;;-1
10/a+b+c+d/pe;ES_PE;3;10A|10B|10C|10D;531882_3d9e9f_608|1e17e9_88f16a_632|bcfdc5_888211_656|0a057b_c9f0b8_680|ed90f6_2b7dc9_704|a99b79_3694dc_607|d8c186_ad6cfe_631|4a6ba0_2b17b0_655|f86881_820adf_679|2b8e70_dca231_703|7b5f26_efe605_606|e19f7d_e451bf_630|a7371d_735489_654|70f375_8f8efb_678|f1ba1b_6d3294_702|4d17fc_c3de24_605|e8e0e5_59e0a7_629|f10bea_3dd716_653|c84aae_b06dd6_677|92399a_6dd673_701;;-1
10/a+b+c+d/art;ES_ART;3;10A|10B|10C|10D;78d0b2_5ceb57_624|5d6f02_a33a5a_648|6db8ca_d93066_672|004dc5_209001_696|6ecad1_f6d335_720|fd51bd_ed7e87_623|110d9e_3f74cb_647|617863_da5ace_671|3b8b03_5b03b4_695|dcefa2_f054e8_719|ee3249_3453b4_622|cc38ca_98c2b6_646|f4a91a_6bb480_670|050225_a8bee7_694|d6fd77_493ad1_718|1ac272_6558f7_621|a66813_b8e617_645|ef1c4e_2f4866_669|cc7d87_110037_693|4f443b_ad12af_717;;-1
10/a+b+c+d/eco;ES_ECOLOGY;3;10A|10B|10C|10D;1682e1_5c42e5_612|12cedd_2fbb46_636|6bc3a1_3bbffd_660|d025c3_909bb8_684|5c7323_e0c1df_708|d4f452_cafd0e_611|42e8ae_51f34e_635|06bc3b_31bd04_659|691016_5c4e33_683|62a4fe_e4b621_707|252348_961800_610|e470e9_b6b470_634|3f9902_7a407e_658|bfeaa2_9fa8ea_682|bcb25e_2536da_706|71d80c_8be6bb_609|3d052d_a9cc59_633|c6b415_deef88_657|2a77a5_a0eb00_681|38765e_73e185_705;;-1
10/a+b+c+d/cut;ES_COMPUTER_SCIENCE;3;10A|10B|10C|10D;8f1926_67d9e0_620|3af271_7893d5_644|c3d096_57231f_668|732f63_91d39a_692|8c0185_447601_716|ecf4bb_7ec7ee_619|56f516_23702f_643|39345f_e22579_667|bff935_e05ec4_691|5d12d4_db1f88_715|7ce885_80a1be_618|4ac10d_f07851_642|711790_4a1621_666|b47ff5_992016_690|69b551_787544_714|b6ed36_0ed237_617|ab0dbc_96c16f_641|c3cb51_0e5c50_665|f6f69f_3fc3ba_689|4758a1_da6760_713;;-1
10/a+b+c+d/fre;ES_FRENCH;3;10A|10B|10C|10D;0f7868_00ad8c_604|a0edab_a4a086_628|e81311_195aeb_652|2d4bc7_b6868d_676|39473a_8c7af8_700|87bb5a_39a656_603|4e79db_87922c_627|e4f65f_9c57a8_651|1f910a_60f277_675|56c116_d456d2_699|e94d1b_5d1d7d_602|b70a8d_37e21f_626|8970c1_74d204_650|7308e6_beb568_674|d03210_21cbac_698|8c57ba_3fe6ad_601|1ca1fd_8b6d7d_625|72bbe8_a3845a_649|cec4c5_bff163_673|245df2_cf36f7_697;;-1
10/a+b+c+d/work;ES_WORK_THEORY;3;10A|10B|10C|10D;2755a6_0c74a8_616|ff8645_f1fb73_640|0e36c4_1d3aac_664|5c7fb0_16747f_688|ab7731_9ae90a_712|2c0c88_efe4de_615|d92e26_079af4_639|b0e1e8_f9c6db_663|65f69b_251dc2_687|b1c7c4_985297_711|db5909_6f96e6_614|93c0c0_f74643_638|4273e3_b75a17_662|b08573_536a9b_686|68d567_1662dc_710|59d565_cda144_613|6ed480_1730fc_637|4ca7d0_33cc8b_661|8cba97_afcafb_685|18429e_4a96dc_709;;-1
5/a+c/rel_ka;RELIGION_CA;2;5A|5C;ffab56_2d063f_118|0ba43e_0c00e0_106|501d03_7da72a_94|e98791_d23828_82|bf99bd_a54e96_70|1618da_653cc8_58|aea7f9_3ccaea_46|ee8ebf_0f178b_34|197926_12956a_22|8a5ebd_0bdfe4_10|f5ab05_3be9e3_120|4149c2_932476_108|bde5f8_7aa42c_96|109c3c_44c2ff_84|783285_b16c61_72|ad7f0a_131ceb_60|4032b0_b8856f_48|e0fbb2_dbc618_36|aaa6d8_c08f24_24|d1ae66_f56a6c_12;;-1
5/a+c/rel_ev;RELIGION_EV;2;5A|5C;651410_50208d_114|aa5623_d63924_102|1ac58d_34e49c_90|040c52_1bfe17_78|4047f7_a505fc_66|c790d2_fbdc64_54|cb3f60_f8bac7_42|604e7e_f9aeec_30|2c9032_764026_18|1cae1d_b13f88_6|9905e4_b3bf8c_116|1fcb95_29e220_104|96bc7b_8c7265_92|ee2a90_1eb80d_80|923dcf_a66625_68|71537b_2c0a5d_56|13cd4c_1c16ce_44|3ff91a_057d86_32|48f6d7_b7a2b7_20|f8bb54_8369d6_8;;-1
5/a+c/rel_et;RELIGION_ET;2;5A|5C;ba7825_57ce42_110|e4c36a_15a869_98|000ccf_d3ed66_86|10d59a_b8ea5c_74|76fad4_40e662_62|61ac0b_716c2e_50|e370df_ed53a3_38|e90158_1ba263_26|426290_5f8c6d_14|3b6079_e11106_2|b39418_c4d931_112|d75b2e_fd5314_100|6a6761_7af7fb_88|f8e5be_c066f7_76|2c126e_b28b53_64|26b26f_babb5c_52|03b893_4fc2a0_40|9dcfe6_196c54_28|07cc65_5a2fdd_16|f86da3_531375_4;;-1
5/b+d/rel_ka;RELIGION_CA;2;5B|5D;84c339_a67a51_109|b19127_5f8d61_97|e28e00_717a44_85|a9f677_b6814c_73|288e96_66cc4f_61|2eb4bd_39d674_49|f3f7f7_2c865c_37|1d9759_369322_25|6e55bb_ad359e_13|35c0f2_9f4f21_1|3bb295_aafe64_111|339267_b4fb34_99|7190c5_ab12fb_87|57be4b_1f5d37_75|932578_1303a6_63|231ff7_86a391_51|5876d9_4bf920_39|0beb8f_0f23d5_27|859935_5e6a9b_15|5a5aef_5b736b_3;;-1
5/b+d/rel_ev;RELIGION_EV;2;5B|5D;fff953_1a8e3c_117|65ecc8_efeb82_105|eb68b8_5bc806_93|800691_3f1856_81|a1b4b5_05732e_69|1bd5ba_7cbc6f_57|77de39_d739a2_45|470a2d_b6d691_33|28f234_304162_21|522b3b_d08b8a_9|9d8963_72e59f_119|e32965_712fca_107|880e06_16d892_95|5c8436_55acbe_83|a69a8e_9b8397_71|284da3_930e01_59|46ba0a_356c23_47|ea625c_4293f1_35|d77859_a14d91_23|a76f08_7894b6_11;;-1
5/b+d/rel_et;RELIGION_ET;2;5B|5D;544b53_1b9a07_113|e9cbfc_f26aa2_101|432f9a_d4d729_89|f43f76_1a9290_77|24c404_d7eb2c_65|3a6808_bacad7_53|929da5_237870_41|95add6_efd726_29|a1cfe2_36d661_17|db3638_422c94_5|4b390d_6f5958_115|589754_fdbab7_103|3611ce_f6ed0a_91|f84956_3e9357_79|65adc9_e3d368_67|ac5a7e_afc9c9_55|ccb466_02a5e1_43|f03ee8_6cc815_31|c71901_55513e_19|fcf722_8d06af_7;;-1
5/a/1;GERMAN;1;5A;f86da3_531375_4|d1ae66_f56a6c_12|48f6d7_b7a2b7_20|9dcfe6_196c54_28|e0fbb2_dbc618_36|13cd4c_1c16ce_44|26b26f_babb5c_52|ad7f0a_131ceb_60|923dcf_a66625_68|f8e5be_c066f7_76|109c3c_44c2ff_84|96bc7b_8c7265_92|d75b2e_fd5314_100|4149c2_932476_108|9905e4_b3bf8c_116;;-1
5/a/2;GERMAN;1;5A;f8bb54_8369d6_8|07cc65_5a2fdd_16|aaa6d8_c08f24_24|3ff91a_057d86_32|03b893_4fc2a0_40|4032b0_b8856f_48|71537b_2c0a5d_56|2c126e_b28b53_64|783285_b16c61_72|ee2a90_1eb80d_80|6a6761_7af7fb_88|bde5f8_7aa42c_96|1fcb95_29e220_104|b39418_c4d931_112|f5ab05_3be9e3_120;;-1
5/a;GERMAN;3;5A;f86da3_531375_4|f8bb54_8369d6_8|d1ae66_f56a6c_12|07cc65_5a2fdd_16|48f6d7_b7a2b7_20|aaa6d8_c08f24_24|9dcfe6_196c54_28|3ff91a_057d86_32|e0fbb2_dbc618_36|03b893_4fc2a0_40|13cd4c_1c16ce_44|4032b0_b8856f_48|26b26f_babb5c_52|71537b_2c0a5d_56|ad7f0a_131ceb_60|2c126e_b28b53_64|923dcf_a66625_68|783285_b16c61_72|f8e5be_c066f7_76|ee2a90_1eb80d_80|109c3c_44c2ff_84|6a6761_7af7fb_88|96bc7b_8c7265_92|bde5f8_7aa42c_96|d75b2e_fd5314_100|1fcb95_29e220_104|4149c2_932476_108|b39418_c4d931_112|9905e4_b3bf8c_116|f5ab05_3be9e3_120;;-1
5/b/1;GERMAN;1;5B;fcf722_8d06af_7|859935_5e6a9b_15|d77859_a14d91_23|f03ee8_6cc815_31|5876d9_4bf920_39|46ba0a_356c23_47|ac5a7e_afc9c9_55|932578_1303a6_63|a69a8e_9b8397_71|f84956_3e9357_79|7190c5_ab12fb_87|880e06_16d892_95|589754_fdbab7_103|3bb295_aafe64_111|9d8963_72e59f_119;;-1
5/b/2;GERMAN;1;5B;5a5aef_5b736b_3|a76f08_7894b6_11|c71901_55513e_19|0beb8f_0f23d5_27|ea625c_4293f1_35|ccb466_02a5e1_43|231ff7_86a391_51|284da3_930e01_59|65adc9_e3d368_67|57be4b_1f5d37_75|5c8436_55acbe_83|3611ce_f6ed0a_91|339267_b4fb34_99|e32965_712fca_107|4b390d_6f5958_115;;-1
5/b;GERMAN;3;5B;5a5aef_5b736b_3|fcf722_8d06af_7|a76f08_7894b6_11|859935_5e6a9b_15|c71901_55513e_19|d77859_a14d91_23|0beb8f_0f23d5_27|f03ee8_6cc815_31|ea625c_4293f1_35|5876d9_4bf920_39|ccb466_02a5e1_43|46ba0a_356c23_47|231ff7_86a391_51|ac5a7e_afc9c9_55|284da3_930e01_59|932578_1303a6_63|65adc9_e3d368_67|a69a8e_9b8397_71|57be4b_1f5d37_75|f84956_3e9357_79|5c8436_55acbe_83|7190c5_ab12fb_87|3611ce_f6ed0a_91|880e06_16d892_95|339267_b4fb34_99|589754_fdbab7_103|e32965_712fca_107|3bb295_aafe64_111|4b390d_6f5958_115|9d8963_72e59f_119;;-1
5/c/1;GERMAN;1;5C;3b6079_e11106_2|8a5ebd_0bdfe4_10|2c9032_764026_18|e90158_1ba263_26|ee8ebf_0f178b_34|cb3f60_f8bac7_42|61ac0b_716c2e_50|1618da_653cc8_58|4047f7_a505fc_66|10d59a_b8ea5c_74|e98791_d23828_82|1ac58d_34e49c_90|e4c36a_15a869_98|0ba43e_0c00e0_106|651410_50208d_114;;-1
5/c/2;GERMAN;1;5C;1cae1d_b13f88_6|426290_5f8c6d_14|197926_12956a_22|604e7e_f9aeec_30|e370df_ed53a3_38|aea7f9_3ccaea_46|c790d2_fbdc64_54|76fad4_40e662_62|bf99bd_a54e96_70|040c52_1bfe17_78|000ccf_d3ed66_86|501d03_7da72a_94|aa5623_d63924_102|ba7825_57ce42_110|ffab56_2d063f_118;;-1
5/c;GERMAN;3;5C;3b6079_e11106_2|1cae1d_b13f88_6|8a5ebd_0bdfe4_10|426290_5f8c6d_14|2c9032_764026_18|197926_12956a_22|e90158_1ba263_26|604e7e_f9aeec_30|ee8ebf_0f178b_34|e370df_ed53a3_38|cb3f60_f8bac7_42|aea7f9_3ccaea_46|61ac0b_716c2e_50|c790d2_fbdc64_54|1618da_653cc8_58|76fad4_40e662_62|4047f7_a505fc_66|bf99bd_a54e96_70|10d59a_b8ea5c_74|040c52_1bfe17_78|e98791_d23828_82|000ccf_d3ed66_86|1ac58d_34e49c_90|501d03_7da72a_94|e4c36a_15a869_98|aa5623_d63924_102|0ba43e_0c00e0_106|ba7825_57ce42_110|651410_50208d_114|ffab56_2d063f_118;;-1
5/d/1;GERMAN;1;5D;db3638_422c94_5|6e55bb_ad359e_13|28f234_304162_21|95add6_efd726_29|f3f7f7_2c865c_37|77de39_d739a2_45|3a6808_bacad7_53|288e96_66cc4f_61|a1b4b5_05732e_69|f43f76_1a9290_77|e28e00_717a44_85|eb68b8_5bc806_93|e9cbfc_f26aa2_101|84c339_a67a51_109|fff953_1a8e3c_117;;-1
5/d/2;GERMAN;1;5D;35c0f2_9f4f21_1|522b3b_d08b8a_9|a1cfe2_36d661_17|1d9759_369322_25|470a2d_b6d691_33|929da5_237870_41|2eb4bd_39d674_49|1bd5ba_7cbc6f_57|24c404_d7eb2c_65|a9f677_b6814c_73|800691_3f1856_81|432f9a_d4d729_89|b19127_5f8d61_97|65ecc8_efeb82_105|544b53_1b9a07_113;;-1
5/d;GERMAN;3;5D;35c0f2_9f4f21_1|db3638_422c94_5|522b3b_d08b8a_9|6e55bb_ad359e_13|a1cfe2_36d661_17|28f234_304162_21|1d9759_369322_25|95add6_efd726_29|470a2d_b6d691_33|f3f7f7_2c865c_37|929da5_237870_41|77de39_d739a2_45|2eb4bd_39d674_49|3a6808_bacad7_53|1bd5ba_7cbc6f_57|288e96_66cc4f_61|24c404_d7eb2c_65|a1b4b5_05732e_69|a9f677_b6814c_73|f43f76_1a9290_77|800691_3f1856_81|e28e00_717a44_85|432f9a_d4d729_89|eb68b8_5bc806_93|b19127_5f8d61_97|e9cbfc_f26aa2_101|65ecc8_efeb82_105|84c339_a67a51_109|544b53_1b9a07_113|fff953_1a8e3c_117;;-1
5/a/1;ENGLISH;1;5A;f86da3_531375_4|d1ae66_f56a6c_12|48f6d7_b7a2b7_20|9dcfe6_196c54_28|e0fbb2_dbc618_36|13cd4c_1c16ce_44|26b26f_babb5c_52|ad7f0a_131ceb_60|923dcf_a66625_68|f8e5be_c066f7_76|109c3c_44c2ff_84|96bc7b_8c7265_92|d75b2e_fd5314_100|4149c2_932476_108|9905e4_b3bf8c_116;;-1
5/a/2;ENGLISH;1;5A;f8bb54_8369d6_8|07cc65_5a2fdd_16|aaa6d8_c08f24_24|3ff91a_057d86_32|03b893_4fc2a0_40|4032b0_b8856f_48|71537b_2c0a5d_56|2c126e_b28b53_64|783285_b16c61_72|ee2a90_1eb80d_80|6a6761_7af7fb_88|bde5f8_7aa42c_96|1fcb95_29e220_104|b39418_c4d931_112|f5ab05_3be9e3_120;;-1
5/a;ENGLISH;3;5A;f86da3_531375_4|f8bb54_8369d6_8|d1ae66_f56a6c_12|07cc65_5a2fdd_16|48f6d7_b7a2b7_20|aaa6d8_c08f24_24|9dcfe6_196c54_28|3ff91a_057d86_32|e0fbb2_dbc618_36|03b893_4fc2a0_40|13cd4c_1c16ce_44|4032b0_b8856f_48|26b26f_babb5c_52|71537b_2c0a5d_56|ad7f0a_131ceb_60|2c126e_b28b53_64|923dcf_a66625_68|783285_b16c61_72|f8e5be_c066f7_76|ee2a90_1eb80d_80|109c3c_44c2ff_84|6a6761_7af7fb_88|96bc7b_8c7265_92|bde5f8_7aa42c_96|d75b2e_fd5314_100|1fcb95_29e220_104|4149c2_932476_108|b39418_c4d931_112|9905e4_b3bf8c_116|f5ab05_3be9e3_120;;-1
5/b/1;ENGLISH;1;5B;fcf722_8d06af_7|859935_5e6a9b_15|d77859_a14d91_23|f03ee8_6cc815_31|5876d9_4bf920_39|46ba0a_356c23_47|ac5a7e_afc9c9_55|932578_1303a6_63|a69a8e_9b8397_71|f84956_3e9357_79|7190c5_ab12fb_87|880e06_16d892_95|589754_fdbab7_103|3bb295_aafe64_111|9d8963_72e59f_119;;-1
5/b/2;ENGLISH;1;5B;5a5aef_5b736b_3|a76f08_7894b6_11|c71901_55513e_19|0beb8f_0f23d5_27|ea625c_4293f1_35|ccb466_02a5e1_43|231ff7_86a391_51|284da3_930e01_59|65adc9_e3d368_67|57be4b_1f5d37_75|5c8436_55acbe_83|3611ce_f6ed0a_91|339267_b4fb34_99|e32965_712fca_107|4b390d_6f5958_115;;-1
5/b;ENGLISH;3;5B;5a5aef_5b736b_3|fcf722_8d06af_7|a76f08_7894b6_11|859935_5e6a9b_15|c71901_55513e_19|d77859_a14d91_23|0beb8f_0f23d5_27|f03ee8_6cc815_31|ea625c_4293f1_35|5876d9_4bf920_39|ccb466_02a5e1_43|46ba0a_356c23_47|231ff7_86a391_51|ac5a7e_afc9c9_55|284da3_930e01_59|932578_1303a6_63|65adc9_e3d368_67|a69a8e_9b8397_71|57be4b_1f5d37_75|f84956_3e9357_79|5c8436_55acbe_83|7190c5_ab12fb_87|3611ce_f6ed0a_91|880e06_16d892_95|339267_b4fb34_99|589754_fdbab7_103|e32965_712fca_107|3bb295_aafe64_111|4b390d_6f5958_115|9d8963_72e59f_119;;-1
5/c/1;ENGLISH;1;5C;3b6079_e11106_2|8a5ebd_0bdfe4_10|2c9032_764026_18|e90158_1ba263_26|ee8ebf_0f178b_34|cb3f60_f8bac7_42|61ac0b_716c2e_50|1618da_653cc8_58|4047f7_a505fc_66|10d59a_b8ea5c_74|e98791_d23828_82|1ac58d_34e49c_90|e4c36a_15a869_98|0ba43e_0c00e0_106|651410_50208d_114;;-1
5/c/2;ENGLISH;1;5C;1cae1d_b13f88_6|426290_5f8c6d_14|197926_12956a_22|604e7e_f9aeec_30|e370df_ed53a3_38|aea7f9_3ccaea_46|c790d2_fbdc64_54|76fad4_40e662_62|bf99bd_a54e96_70|040c52_1bfe17_78|000ccf_d3ed66_86|501d03_7da72a_94|aa5623_d63924_102|ba7825_57ce42_110|ffab56_2d063f_118;;-1
5/c;ENGLISH;3;5C;3b6079_e11106_2|1cae1d_b13f88_6|8a5ebd_0bdfe4_10|426290_5f8c6d_14|2c9032_764026_18|197926_12956a_22|e90158_1ba263_26|604e7e_f9aeec_30|ee8ebf_0f178b_34|e370df_ed53a3_38|cb3f60_f8bac7_42|aea7f9_3ccaea_46|61ac0b_716c2e_50|c790d2_fbdc64_54|1618da_653cc8_58|76fad4_40e662_62|4047f7_a505fc_66|bf99bd_a54e96_70|10d59a_b8ea5c_74|040c52_1bfe17_78|e98791_d23828_82|000ccf_d3ed66_86|1ac58d_34e49c_90|501d03_7da72a_94|e4c36a_15a869_98|aa5623_d63924_102|0ba43e_0c00e0_106|ba7825_57ce42_110|651410_50208d_114|ffab56_2d063f_118;;-1
5/d/1;ENGLISH;1;5D;db3638_422c94_5|6e55bb_ad359e_13|28f234_304162_21|95add6_efd726_29|f3f7f7_2c865c_37|77de39_d739a2_45|3a6808_bacad7_53|288e96_66cc4f_61|a1b4b5_05732e_69|f43f76_1a9290_77|e28e00_717a44_85|eb68b8_5bc806_93|e9cbfc_f26aa2_101|84c339_a67a51_109|fff953_1a8e3c_117;;-1
5/d/2;ENGLISH;1;5D;35c0f2_9f4f21_1|522b3b_d08b8a_9|a1cfe2_36d661_17|1d9759_369322_25|470a2d_b6d691_33|929da5_237870_41|2eb4bd_39d674_49|1bd5ba_7cbc6f_57|24c404_d7eb2c_65|a9f677_b6814c_73|800691_3f1856_81|432f9a_d4d729_89|b19127_5f8d61_97|65ecc8_efeb82_105|544b53_1b9a07_113;;-1
5/d;ENGLISH;3;5D;35c0f2_9f4f21_1|db3638_422c94_5|522b3b_d08b8a_9|6e55bb_ad359e_13|a1cfe2_36d661_17|28f234_304162_21|1d9759_369322_25|95add6_efd726_29|470a2d_b6d691_33|f3f7f7_2c865c_37|929da5_237870_41|77de39_d739a2_45|2eb4bd_39d674_49|3a6808_bacad7_53|1bd5ba_7cbc6f_57|288e96_66cc4f_61|24c404_d7eb2c_65|a1b4b5_05732e_69|a9f677_b6814c_73|f43f76_1a9290_77|800691_3f1856_81|e28e00_717a44_85|432f9a_d4d729_89|eb68b8_5bc806_93|b19127_5f8d61_97|e9cbfc_f26aa2_101|65ecc8_efeb82_105|84c339_a67a51_109|544b53_1b9a07_113|fff953_1a8e3c_117;;-1
5/a/1;MATHS;1;5A;f86da3_531375_4|d1ae66_f56a6c_12|48f6d7_b7a2b7_20|9dcfe6_196c54_28|e0fbb2_dbc618_36|13cd4c_1c16ce_44|26b26f_babb5c_52|ad7f0a_131ceb_60|923dcf_a66625_68|f8e5be_c066f7_76|109c3c_44c2ff_84|96bc7b_8c7265_92|d75b2e_fd5314_100|4149c2_932476_108|9905e4_b3bf8c_116;;-1
5/a/2;MATHS;1;5A;f8bb54_8369d6_8|07cc65_5a2fdd_16|aaa6d8_c08f24_24|3ff91a_057d86_32|03b893_4fc2a0_40|4032b0_b8856f_48|71537b_2c0a5d_56|2c126e_b28b53_64|783285_b16c61_72|ee2a90_1eb80d_80|6a6761_7af7fb_88|bde5f8_7aa42c_96|1fcb95_29e220_104|b39418_c4d931_112|f5ab05_3be9e3_120;;-1
5/a;MATHS;3;5A;f86da3_531375_4|f8bb54_8369d6_8|d1ae66_f56a6c_12|07cc65_5a2fdd_16|48f6d7_b7a2b7_20|aaa6d8_c08f24_24|9dcfe6_196c54_28|3ff91a_057d86_32|e0fbb2_dbc618_36|03b893_4fc2a0_40|13cd4c_1c16ce_44|4032b0_b8856f_48|26b26f_babb5c_52|71537b_2c0a5d_56|ad7f0a_131ceb_60|2c126e_b28b53_64|923dcf_a66625_68|783285_b16c61_72|f8e5be_c066f7_76|ee2a90_1eb80d_80|109c3c_44c2ff_84|6a6761_7af7fb_88|96bc7b_8c7265_92|bde5f8_7aa42c_96|d75b2e_fd5314_100|1fcb95_29e220_104|4149c2_932476_108|b39418_c4d931_112|9905e4_b3bf8c_116|f5ab05_3be9e3_120;;-1
5/b/1;MATHS;1;5B;fcf722_8d06af_7|859935_5e6a9b_15|d77859_a14d91_23|f03ee8_6cc815_31|5876d9_4bf920_39|46ba0a_356c23_47|ac5a7e_afc9c9_55|932578_1303a6_63|a69a8e_9b8397_71|f84956_3e9357_79|7190c5_ab12fb_87|880e06_16d892_95|589754_fdbab7_103|3bb295_aafe64_111|9d8963_72e59f_119;;-1
5/b/2;MATHS;1;5B;5a5aef_5b736b_3|a76f08_7894b6_11|c71901_55513e_19|0beb8f_0f23d5_27|ea625c_4293f1_35|ccb466_02a5e1_43|231ff7_86a391_51|284da3_930e01_59|65adc9_e3d368_67|57be4b_1f5d37_75|5c8436_55acbe_83|3611ce_f6ed0a_91|339267_b4fb34_99|e32965_712fca_107|4b390d_6f5958_115;;-1
5/b;MATHS;3;5B;5a5aef_5b736b_3|fcf722_8d06af_7|a76f08_7894b6_11|859935_5e6a9b_15|c71901_55513e_19|d77859_a14d91_23|0beb8f_0f23d5_27|f03ee8_6cc815_31|ea625c_4293f1_35|5876d9_4bf920_39|ccb466_02a5e1_43|46ba0a_356c23_47|231ff7_86a391_51|ac5a7e_afc9c9_55|284da3_930e01_59|932578_1303a6_63|65adc9_e3d368_67|a69a8e_9b8397_71|57be4b_1f5d37_75|f84956_3e9357_79|5c8436_55acbe_83|7190c5_ab12fb_87|3611ce_f6ed0a_91|880e06_16d892_95|339267_b4fb34_99|589754_fdbab7_103|e32965_712fca_107|3bb295_aafe64_111|4b390d_6f5958_115|9d8963_72e59f_119;;-1
5/c/1;MATHS;1;5C;3b6079_e11106_2|8a5ebd_0bdfe4_10|2c9032_764026_18|e90158_1ba263_26|ee8ebf_0f178b_34|cb3f60_f8bac7_42|61ac0b_716c2e_50|1618da_653cc8_58|4047f7_a505fc_66|10d59a_b8ea5c_74|e98791_d23828_82|1ac58d_34e49c_90|e4c36a_15a869_98|0ba43e_0c00e0_106|651410_50208d_114;;-1
5/c/2;MATHS;1;5C;1cae1d_b13f88_6|426290_5f8c6d_14|197926_12956a_22|604e7e_f9aeec_30|e370df_ed53a3_38|aea7f9_3ccaea_46|c790d2_fbdc64_54|76fad4_40e662_62|bf99bd_a54e96_70|040c52_1bfe17_78|000ccf_d3ed66_86|501d03_7da72a_94|aa5623_d63924_102|ba7825_57ce42_110|ffab56_2d063f_118;;-1
5/c;MATHS;3;5C;3b6079_e11106_2|1cae1d_b13f88_6|8a5ebd_0bdfe4_10|426290_5f8c6d_14|2c9032_764026_18|197926_12956a_22|e90158_1ba263_26|604e7e_f9aeec_30|ee8ebf_0f178b_34|e370df_ed53a3_38|cb3f60_f8bac7_42|aea7f9_3ccaea_46|61ac0b_716c2e_50|c790d2_fbdc64_54|1618da_653cc8_58|76fad4_40e662_62|4047f7_a505fc_66|bf99bd_a54e96_70|10d59a_b8ea5c_74|040c52_1bfe17_78|e98791_d23828_82|000ccf_d3ed66_86|1ac58d_34e49c_90|501d03_7da72a_94|e4c36a_15a869_98|aa5623_d63924_102|0ba43e_0c00e0_106|ba7825_57ce42_110|651410_50208d_114|ffab56_2d063f_118;;-1
5/d/1;MATHS;1;5D;db3638_422c94_5|6e55bb_ad359e_13|28f234_304162_21|95add6_efd726_29|f3f7f7_2c865c_37|77de39_d739a2_45|3a6808_bacad7_53|288e96_66cc4f_61|a1b4b5_05732e_69|f43f76_1a9290_77|e28e00_717a44_85|eb68b8_5bc806_93|e9cbfc_f26aa2_101|84c339_a67a51_109|fff953_1a8e3c_117;;-1
5/d/2;MATHS;1;5D;35c0f2_9f4f21_1|522b3b_d08b8a_9|a1cfe2_36d661_17|1d9759_369322_25|470a2d_b6d691_33|929da5_237870_41|2eb4bd_39d674_49|1bd5ba_7cbc6f_57|24c404_d7eb2c_65|a9f677_b6814c_73|800691_3f1856_81|432f9a_d4d729_89|b19127_5f8d61_97|65ecc8_efeb82_105|544b53_1b9a07_113;;-1
5/d;MATHS;3;5D;35c0f2_9f4f21_1|db3638_422c94_5|522b3b_d08b8a_9|6e55bb_ad359e_13|a1cfe2_36d661_17|28f234_304162_21|1d9759_369322_25|95add6_efd726_29|470a2d_b6d691_33|f3f7f7_2c865c_37|929da5_237870_41|77de39_d739a2_45|2eb4bd_39d674_49|3a6808_bacad7_53|1bd5ba_7cbc6f_57|288e96_66cc4f_61|24c404_d7eb2c_65|a1b4b5_05732e_69|a9f677_b6814c_73|f43f76_1a9290_77|800691_3f1856_81|e28e00_717a44_85|432f9a_d4d729_89|eb68b8_5bc806_93|b19127_5f8d61_97|e9cbfc_f26aa2_101|65ecc8_efeb82_105|84c339_a67a51_109|544b53_1b9a07_113|fff953_1a8e3c_117;;-1
5/a;SOCIETY_SCIENCE;2;5A;f86da3_531375_4|f8bb54_8369d6_8|d1ae66_f56a6c_12|07cc65_5a2fdd_16|48f6d7_b7a2b7_20|aaa6d8_c08f24_24|9dcfe6_196c54_28|3ff91a_057d86_32|e0fbb2_dbc618_36|03b893_4fc2a0_40|13cd4c_1c16ce_44|4032b0_b8856f_48|26b26f_babb5c_52|71537b_2c0a5d_56|ad7f0a_131ceb_60|2c126e_b28b53_64|923dcf_a66625_68|783285_b16c61_72|f8e5be_c066f7_76|ee2a90_1eb80d_80|109c3c_44c2ff_84|6a6761_7af7fb_88|96bc7b_8c7265_92|bde5f8_7aa42c_96|d75b2e_fd5314_100|1fcb95_29e220_104|4149c2_932476_108|b39418_c4d931_112|9905e4_b3bf8c_116|f5ab05_3be9e3_120;;-1
5/b;SOCIETY_SCIENCE;2;5B;5a5aef_5b736b_3|fcf722_8d06af_7|a76f08_7894b6_11|859935_5e6a9b_15|c71901_55513e_19|d77859_a14d91_23|0beb8f_0f23d5_27|f03ee8_6cc815_31|ea625c_4293f1_35|5876d9_4bf920_39|ccb466_02a5e1_43|46ba0a_356c23_47|231ff7_86a391_51|ac5a7e_afc9c9_55|284da3_930e01_59|932578_1303a6_63|65adc9_e3d368_67|a69a8e_9b8397_71|57be4b_1f5d37_75|f84956_3e9357_79|5c8436_55acbe_83|7190c5_ab12fb_87|3611ce_f6ed0a_91|880e06_16d892_95|339267_b4fb34_99|589754_fdbab7_103|e32965_712fca_107|3bb295_aafe64_111|4b390d_6f5958_115|9d8963_72e59f_119;;-1
5/c;SOCIETY_SCIENCE;2;5C;3b6079_e11106_2|1cae1d_b13f88_6|8a5ebd_0bdfe4_10|426290_5f8c6d_14|2c9032_764026_18|197926_12956a_22|e90158_1ba263_26|604e7e_f9aeec_30|ee8ebf_0f178b_34|e370df_ed53a3_38|cb3f60_f8bac7_42|aea7f9_3ccaea_46|61ac0b_716c2e_50|c790d2_fbdc64_54|1618da_653cc8_58|76fad4_40e662_62|4047f7_a505fc_66|bf99bd_a54e96_70|10d59a_b8ea5c_74|040c52_1bfe17_78|e98791_d23828_82|000ccf_d3ed66_86|1ac58d_34e49c_90|501d03_7da72a_94|e4c36a_15a869_98|aa5623_d63924_102|0ba43e_0c00e0_106|ba7825_57ce42_110|651410_50208d_114|ffab56_2d063f_118;;-1
5/d;SOCIETY_SCIENCE;2;5D;35c0f2_9f4f21_1|db3638_422c94_5|522b3b_d08b8a_9|6e55bb_ad359e_13|a1cfe2_36d661_17|28f234_304162_21|1d9759_369322_25|95add6_efd726_29|470a2d_b6d691_33|f3f7f7_2c865c_37|929da5_237870_41|77de39_d739a2_45|2eb4bd_39d674_49|3a6808_bacad7_53|1bd5ba_7cbc6f_57|288e96_66cc4f_61|24c404_d7eb2c_65|a1b4b5_05732e_69|a9f677_b6814c_73|f43f76_1a9290_77|800691_3f1856_81|e28e00_717a44_85|432f9a_d4d729_89|eb68b8_5bc806_93|b19127_5f8d61_97|e9cbfc_f26aa2_101|65ecc8_efeb82_105|84c339_a67a51_109|544b53_1b9a07_113|fff953_1a8e3c_117;;-1
5/a;SCIENCE;4;5A;f86da3_531375_4|f8bb54_8369d6_8|d1ae66_f56a6c_12|07cc65_5a2fdd_16|48f6d7_b7a2b7_20|aaa6d8_c08f24_24|9dcfe6_196c54_28|3ff91a_057d86_32|e0fbb2_dbc618_36|03b893_4fc2a0_40|13cd4c_1c16ce_44|4032b0_b8856f_48|26b26f_babb5c_52|71537b_2c0a5d_56|ad7f0a_131ceb_60|2c126e_b28b53_64|923dcf_a66625_68|783285_b16c61_72|f8e5be_c066f7_76|ee2a90_1eb80d_80|109c3c_44c2ff_84|6a6761_7af7fb_88|96bc7b_8c7265_92|bde5f8_7aa42c_96|d75b2e_fd5314_100|1fcb95_29e220_104|4149c2_932476_108|b39418_c4d931_112|9905e4_b3bf8c_116|f5ab05_3be9e3_120;;-1
5/b;SCIENCE;4;5B;5a5aef_5b736b_3|fcf722_8d06af_7|a76f08_7894b6_11|859935_5e6a9b_15|c71901_55513e_19|d77859_a14d91_23|0beb8f_0f23d5_27|f03ee8_6cc815_31|ea625c_4293f1_35|5876d9_4bf920_39|ccb466_02a5e1_43|46ba0a_356c23_47|231ff7_86a391_51|ac5a7e_afc9c9_55|284da3_930e01_59|932578_1303a6_63|65adc9_e3d368_67|a69a8e_9b8397_71|57be4b_1f5d37_75|f84956_3e9357_79|5c8436_55acbe_83|7190c5_ab12fb_87|3611ce_f6ed0a_91|880e06_16d892_95|339267_b4fb34_99|589754_fdbab7_103|e32965_712fca_107|3bb295_aafe64_111|4b390d_6f5958_115|9d8963_72e59f_119;;-1
5/c;SCIENCE;4;5C;3b6079_e11106_2|1cae1d_b13f88_6|8a5ebd_0bdfe4_10|426290_5f8c6d_14|2c9032_764026_18|197926_12956a_22|e90158_1ba263_26|604e7e_f9aeec_30|ee8ebf_0f178b_34|e370df_ed53a3_38|cb3f60_f8bac7_42|aea7f9_3ccaea_46|61ac0b_716c2e_50|c790d2_fbdc64_54|1618da_653cc8_58|76fad4_40e662_62|4047f7_a505fc_66|bf99bd_a54e96_70|10d59a_b8ea5c_74|040c52_1bfe17_78|e98791_d23828_82|000ccf_d3ed66_86|1ac58d_34e49c_90|501d03_7da72a_94|e4c36a_15a869_98|aa5623_d63924_102|0ba43e_0c00e0_106|ba7825_57ce42_110|651410_50208d_114|ffab56_2d063f_118;;-1
5/d;SCIENCE;4;5D;35c0f2_9f4f21_1|db3638_422c94_5|522b3b_d08b8a_9|6e55bb_ad359e_13|a1cfe2_36d661_17|28f234_304162_21|1d9759_369322_25|95add6_efd726_29|470a2d_b6d691_33|f3f7f7_2c865c_37|929da5_237870_41|77de39_d739a2_45|2eb4bd_39d674_49|3a6808_bacad7_53|1bd5ba_7cbc6f_57|288e96_66cc4f_61|24c404_d7eb2c_65|a1b4b5_05732e_69|a9f677_b6814c_73|f43f76_1a9290_77|800691_3f1856_81|e28e00_717a44_85|432f9a_d4d729_89|eb68b8_5bc806_93|b19127_5f8d61_97|e9cbfc_f26aa2_101|65ecc8_efeb82_105|84c339_a67a51_109|544b53_1b9a07_113|fff953_1a8e3c_117;;-1
5/a;MUSIC;2;5A;f86da3_531375_4|f8bb54_8369d6_8|d1ae66_f56a6c_12|07cc65_5a2fdd_16|48f6d7_b7a2b7_20|aaa6d8_c08f24_24|9dcfe6_196c54_28|3ff91a_057d86_32|e0fbb2_dbc618_36|03b893_4fc2a0_40|13cd4c_1c16ce_44|4032b0_b8856f_48|26b26f_babb5c_52|71537b_2c0a5d_56|ad7f0a_131ceb_60|2c126e_b28b53_64|923dcf_a66625_68|783285_b16c61_72|f8e5be_c066f7_76|ee2a90_1eb80d_80|109c3c_44c2ff_84|6a6761_7af7fb_88|96bc7b_8c7265_92|bde5f8_7aa42c_96|d75b2e_fd5314_100|1fcb95_29e220_104|4149c2_932476_108|b39418_c4d931_112|9905e4_b3bf8c_116|f5ab05_3be9e3_120;;-1
5/b;MUSIC;2;5B;5a5aef_5b736b_3|fcf722_8d06af_7|a76f08_7894b6_11|859935_5e6a9b_15|c71901_55513e_19|d77859_a14d91_23|0beb8f_0f23d5_27|f03ee8_6cc815_31|ea625c_4293f1_35|5876d9_4bf920_39|ccb466_02a5e1_43|46ba0a_356c23_47|231ff7_86a391_51|ac5a7e_afc9c9_55|284da3_930e01_59|932578_1303a6_63|65adc9_e3d368_67|a69a8e_9b8397_71|57be4b_1f5d37_75|f84956_3e9357_79|5c8436_55acbe_83|7190c5_ab12fb_87|3611ce_f6ed0a_91|880e06_16d892_95|339267_b4fb34_99|589754_fdbab7_103|e32965_712fca_107|3bb295_aafe64_111|4b390d_6f5958_115|9d8963_72e59f_119;;-1
5/c;MUSIC;2;5C;3b6079_e11106_2|1cae1d_b13f88_6|8a5ebd_0bdfe4_10|426290_5f8c6d_14|2c9032_764026_18|197926_12956a_22|e90158_1ba263_26|604e7e_f9aeec_30|ee8ebf_0f178b_34|e370df_ed53a3_38|cb3f60_f8bac7_42|aea7f9_3ccaea_46|61ac0b_716c2e_50|c790d2_fbdc64_54|1618da_653cc8_58|76fad4_40e662_62|4047f7_a505fc_66|bf99bd_a54e96_70|10d59a_b8ea5c_74|040c52_1bfe17_78|e98791_d23828_82|000ccf_d3ed66_86|1ac58d_34e49c_90|501d03_7da72a_94|e4c36a_15a869_98|aa5623_d63924_102|0ba43e_0c00e0_106|ba7825_57ce42_110|651410_50208d_114|ffab56_2d063f_118;;-1
5/d;MUSIC;2;5D;35c0f2_9f4f21_1|db3638_422c94_5|522b3b_d08b8a_9|6e55bb_ad359e_13|a1cfe2_36d661_17|28f234_304162_21|1d9759_369322_25|95add6_efd726_29|470a2d_b6d691_33|f3f7f7_2c865c_37|929da5_237870_41|77de39_d739a2_45|2eb4bd_39d674_49|3a6808_bacad7_53|1bd5ba_7cbc6f_57|288e96_66cc4f_61|24c404_d7eb2c_65|a1b4b5_05732e_69|a9f677_b6814c_73|f43f76_1a9290_77|800691_3f1856_81|e28e00_717a44_85|432f9a_d4d729_89|eb68b8_5bc806_93|b19127_5f8d61_97|e9cbfc_f26aa2_101|65ecc8_efeb82_105|84c339_a67a51_109|544b53_1b9a07_113|fff953_1a8e3c_117;;-1
5/a/1;ART;1;5A;f86da3_531375_4|d1ae66_f56a6c_12|48f6d7_b7a2b7_20|9dcfe6_196c54_28|e0fbb2_dbc618_36|13cd4c_1c16ce_44|26b26f_babb5c_52|ad7f0a_131ceb_60|923dcf_a66625_68|f8e5be_c066f7_76|109c3c_44c2ff_84|96bc7b_8c7265_92|d75b2e_fd5314_100|4149c2_932476_108|9905e4_b3bf8c_116;;-1
5/a/2;ART;1;5A;f8bb54_8369d6_8|07cc65_5a2fdd_16|aaa6d8_c08f24_24|3ff91a_057d86_32|03b893_4fc2a0_40|4032b0_b8856f_48|71537b_2c0a5d_56|2c126e_b28b53_64|783285_b16c61_72|ee2a90_1eb80d_80|6a6761_7af7fb_88|bde5f8_7aa42c_96|1fcb95_29e220_104|b39418_c4d931_112|f5ab05_3be9e3_120;;-1
5/a;ART;1;5A;f86da3_531375_4|f8bb54_8369d6_8|d1ae66_f56a6c_12|07cc65_5a2fdd_16|48f6d7_b7a2b7_20|aaa6d8_c08f24_24|9dcfe6_196c54_28|3ff91a_057d86_32|e0fbb2_dbc618_36|03b893_4fc2a0_40|13cd4c_1c16ce_44|4032b0_b8856f_48|26b26f_babb5c_52|71537b_2c0a5d_56|ad7f0a_131ceb_60|2c126e_b28b53_64|923dcf_a66625_68|783285_b16c61_72|f8e5be_c066f7_76|ee2a90_1eb80d_80|109c3c_44c2ff_84|6a6761_7af7fb_88|96bc7b_8c7265_92|bde5f8_7aa42c_96|d75b2e_fd5314_100|1fcb95_29e220_104|4149c2_932476_108|b39418_c4d931_112|9905e4_b3bf8c_116|f5ab05_3be9e3_120;;-1
5/b/1;ART;1;5B;fcf722_8d06af_7|859935_5e6a9b_15|d77859_a14d91_23|f03ee8_6cc815_31|5876d9_4bf920_39|46ba0a_356c23_47|ac5a7e_afc9c9_55|932578_1303a6_63|a69a8e_9b8397_71|f84956_3e9357_79|7190c5_ab12fb_87|880e06_16d892_95|589754_fdbab7_103|3bb295_aafe64_111|9d8963_72e59f_119;;-1
5/b/2;ART;1;5B;5a5aef_5b736b_3|a76f08_7894b6_11|c71901_55513e_19|0beb8f_0f23d5_27|ea625c_4293f1_35|ccb466_02a5e1_43|231ff7_86a391_51|284da3_930e01_59|65adc9_e3d368_67|57be4b_1f5d37_75|5c8436_55acbe_83|3611ce_f6ed0a_91|339267_b4fb34_99|e32965_712fca_107|4b390d_6f5958_115;;-1
5/b;ART;1;5B;5a5aef_5b736b_3|fcf722_8d06af_7|a76f08_7894b6_11|859935_5e6a9b_15|c71901_55513e_19|d77859_a14d91_23|0beb8f_0f23d5_27|f03ee8_6cc815_31|ea625c_4293f1_35|5876d9_4bf920_39|ccb466_02a5e1_43|46ba0a_356c23_47|231ff7_86a391_51|ac5a7e_afc9c9_55|284da3_930e01_59|932578_1303a6_63|65adc9_e3d368_67|a69a8e_9b8397_71|57be4b_1f5d37_75|f84956_3e9357_79|5c8436_55acbe_83|7190c5_ab12fb_87|3611ce_f6ed0a_91|880e06_16d892_95|339267_b4fb34_99|589754_fdbab7_103|e32965_712fca_107|3bb295_aafe64_111|4b390d_6f5958_115|9d8963_72e59f_119;;-1
5/c/1;ART;1;5C;3b6079_e11106_2|8a5ebd_0bdfe4_10|2c9032_764026_18|e90158_1ba263_26|ee8ebf_0f178b_34|cb3f60_f8bac7_42|61ac0b_716c2e_50|1618da_653cc8_58|4047f7_a505fc_66|10d59a_b8ea5c_74|e98791_d23828_82|1ac58d_34e49c_90|e4c36a_15a869_98|0ba43e_0c00e0_106|651410_50208d_114;;-1
5/c/2;ART;1;5C;1cae1d_b13f88_6|426290_5f8c6d_14|197926_12956a_22|604e7e_f9aeec_30|e370df_ed53a3_38|aea7f9_3ccaea_46|c790d2_fbdc64_54|76fad4_40e662_62|bf99bd_a54e96_70|040c52_1bfe17_78|000ccf_d3ed66_86|501d03_7da72a_94|aa5623_d63924_102|ba7825_57ce42_110|ffab56_2d063f_118;;-1
5/c;ART;1;5C;3b6079_e11106_2|1cae1d_b13f88_6|8a5ebd_0bdfe4_10|426290_5f8c6d_14|2c9032_764026_18|197926_12956a_22|e90158_1ba263_26|604e7e_f9aeec_30|ee8ebf_0f178b_34|e370df_ed53a3_38|cb3f60_f8bac7_42|aea7f9_3ccaea_46|61ac0b_716c2e_50|c790d2_fbdc64_54|1618da_653cc8_58|76fad4_40e662_62|4047f7_a505fc_66|bf99bd_a54e96_70|10d59a_b8ea5c_74|040c52_1bfe17_78|e98791_d23828_82|000ccf_d3ed66_86|1ac58d_34e49c_90|501d03_7da72a_94|e4c36a_15a869_98|aa5623_d63924_102|0ba43e_0c00e0_106|ba7825_57ce42_110|651410_50208d_114|ffab56_2d063f_118;;-1
5/d/1;ART;1;5D;db3638_422c94_5|6e55bb_ad359e_13|28f234_304162_21|95add6_efd726_29|f3f7f7_2c865c_37|77de39_d739a2_45|3a6808_bacad7_53|288e96_66cc4f_61|a1b4b5_05732e_69|f43f76_1a9290_77|e28e00_717a44_85|eb68b8_5bc806_93|e9cbfc_f26aa2_101|84c339_a67a51_109|fff953_1a8e3c_117;;-1
5/d/2;ART;1;5D;35c0f2_9f4f21_1|522b3b_d08b8a_9|a1cfe2_36d661_17|1d9759_369322_25|470a2d_b6d691_33|929da5_237870_41|2eb4bd_39d674_49|1bd5ba_7cbc6f_57|24c404_d7eb2c_65|a9f677_b6814c_73|800691_3f1856_81|432f9a_d4d729_89|b19127_5f8d61_97|65ecc8_efeb82_105|544b53_1b9a07_113;;-1
5/d;ART;1;5D;35c0f2_9f4f21_1|db3638_422c94_5|522b3b_d08b8a_9|6e55bb_ad359e_13|a1cfe2_36d661_17|28f234_304162_21|1d9759_369322_25|95add6_efd726_29|470a2d_b6d691_33|f3f7f7_2c865c_37|929da5_237870_41|77de39_d739a2_45|2eb4bd_39d674_49|3a6808_bacad7_53|1bd5ba_7cbc6f_57|288e96_66cc4f_61|24c404_d7eb2c_65|a1b4b5_05732e_69|a9f677_b6814c_73|f43f76_1a9290_77|800691_3f1856_81|e28e00_717a44_85|432f9a_d4d729_89|eb68b8_5bc806_93|b19127_5f8d61_97|e9cbfc_f26aa2_101|65ecc8_efeb82_105|84c339_a67a51_109|544b53_1b9a07_113|fff953_1a8e3c_117;;-1
5/a;PE;3;5A;f86da3_531375_4|f8bb54_8369d6_8|d1ae66_f56a6c_12|07cc65_5a2fdd_16|48f6d7_b7a2b7_20|aaa6d8_c08f24_24|9dcfe6_196c54_28|3ff91a_057d86_32|e0fbb2_dbc618_36|03b893_4fc2a0_40|13cd4c_1c16ce_44|4032b0_b8856f_48|26b26f_babb5c_52|71537b_2c0a5d_56|ad7f0a_131ceb_60|2c126e_b28b53_64|923dcf_a66625_68|783285_b16c61_72|f8e5be_c066f7_76|ee2a90_1eb80d_80|109c3c_44c2ff_84|6a6761_7af7fb_88|96bc7b_8c7265_92|bde5f8_7aa42c_96|d75b2e_fd5314_100|1fcb95_29e220_104|4149c2_932476_108|b39418_c4d931_112|9905e4_b3bf8c_116|f5ab05_3be9e3_120;;-1
5/b;PE;3;5B;5a5aef_5b736b_3|fcf722_8d06af_7|a76f08_7894b6_11|859935_5e6a9b_15|c71901_55513e_19|d77859_a14d91_23|0beb8f_0f23d5_27|f03ee8_6cc815_31|ea625c_4293f1_35|5876d9_4bf920_39|ccb466_02a5e1_43|46ba0a_356c23_47|231ff7_86a391_51|ac5a7e_afc9c9_55|284da3_930e01_59|932578_1303a6_63|65adc9_e3d368_67|a69a8e_9b8397_71|57be4b_1f5d37_75|f84956_3e9357_79|5c8436_55acbe_83|7190c5_ab12fb_87|3611ce_f6ed0a_91|880e06_16d892_95|339267_b4fb34_99|589754_fdbab7_103|e32965_712fca_107|3bb295_aafe64_111|4b390d_6f5958_115|9d8963_72e59f_119;;-1
5/c;PE;3;5C;3b6079_e11106_2|1cae1d_b13f88_6|8a5ebd_0bdfe4_10|426290_5f8c6d_14|2c9032_764026_18|197926_12956a_22|e90158_1ba263_26|604e7e_f9aeec_30|ee8ebf_0f178b_34|e370df_ed53a3_38|cb3f60_f8bac7_42|aea7f9_3ccaea_46|61ac0b_716c2e_50|c790d2_fbdc64_54|1618da_653cc8_58|76fad4_40e662_62|4047f7_a505fc_66|bf99bd_a54e96_70|10d59a_b8ea5c_74|040c52_1bfe17_78|e98791_d23828_82|000ccf_d3ed66_86|1ac58d_34e49c_90|501d03_7da72a_94|e4c36a_15a869_98|aa5623_d63924_102|0ba43e_0c00e0_106|ba7825_57ce42_110|651410_50208d_114|ffab56_2d063f_118;;-1
5/d;PE;3;5D;35c0f2_9f4f21_1|db3638_422c94_5|522b3b_d08b8a_9|6e55bb_ad359e_13|a1cfe2_36d661_17|28f234_304162_21|1d9759_369322_25|95add6_efd726_29|470a2d_b6d691_33|f3f7f7_2c865c_37|929da5_237870_41|77de39_d739a2_45|2eb4bd_39d674_49|3a6808_bacad7_53|1bd5ba_7cbc6f_57|288e96_66cc4f_61|24c404_d7eb2c_65|a1b4b5_05732e_69|a9f677_b6814c_73|f43f76_1a9290_77|800691_3f1856_81|e28e00_717a44_85|432f9a_d4d729_89|eb68b8_5bc806_93|b19127_5f8d61_97|e9cbfc_f26aa2_101|65ecc8_efeb82_105|84c339_a67a51_109|544b53_1b9a07_113|fff953_1a8e3c_117;;-1
5/a;CLASS;1;5A;f86da3_531375_4|f8bb54_8369d6_8|d1ae66_f56a6c_12|07cc65_5a2fdd_16|48f6d7_b7a2b7_20|aaa6d8_c08f24_24|9dcfe6_196c54_28|3ff91a_057d86_32|e0fbb2_dbc618_36|03b893_4fc2a0_40|13cd4c_1c16ce_44|4032b0_b8856f_48|26b26f_babb5c_52|71537b_2c0a5d_56|ad7f0a_131ceb_60|2c126e_b28b53_64|923dcf_a66625_68|783285_b16c61_72|f8e5be_c066f7_76|ee2a90_1eb80d_80|109c3c_44c2ff_84|6a6761_7af7fb_88|96bc7b_8c7265_92|bde5f8_7aa42c_96|d75b2e_fd5314_100|1fcb95_29e220_104|4149c2_932476_108|b39418_c4d931_112|9905e4_b3bf8c_116|f5ab05_3be9e3_120;;-1
5/b;CLASS;1;5B;5a5aef_5b736b_3|fcf722_8d06af_7|a76f08_7894b6_11|859935_5e6a9b_15|c71901_55513e_19|d77859_a14d91_23|0beb8f_0f23d5_27|f03ee8_6cc815_31|ea625c_4293f1_35|5876d9_4bf920_39|ccb466_02a5e1_43|46ba0a_356c23_47|231ff7_86a391_51|ac5a7e_afc9c9_55|284da3_930e01_59|932578_1303a6_63|65adc9_e3d368_67|a69a8e_9b8397_71|57be4b_1f5d37_75|f84956_3e9357_79|5c8436_55acbe_83|7190c5_ab12fb_87|3611ce_f6ed0a_91|880e06_16d892_95|339267_b4fb34_99|589754_fdbab7_103|e32965_712fca_107|3bb295_aafe64_111|4b390d_6f5958_115|9d8963_72e59f_119;;-1
5/c;CLASS;1;5C;3b6079_e11106_2|1cae1d_b13f88_6|8a5ebd_0bdfe4_10|426290_5f8c6d_14|2c9032_764026_18|197926_12956a_22|e90158_1ba263_26|604e7e_f9aeec_30|ee8ebf_0f178b_34|e370df_ed53a3_38|cb3f60_f8bac7_42|aea7f9_3ccaea_46|61ac0b_716c2e_50|c790d2_fbdc64_54|1618da_653cc8_58|76fad4_40e662_62|4047f7_a505fc_66|bf99bd_a54e96_70|10d59a_b8ea5c_74|040c52_1bfe17_78|e98791_d23828_82|000ccf_d3ed66_86|1ac58d_34e49c_90|501d03_7da72a_94|e4c36a_15a869_98|aa5623_d63924_102|0ba43e_0c00e0_106|ba7825_57ce42_110|651410_50208d_114|ffab56_2d063f_118;;-1
5/d;CLASS;1;5D;35c0f2_9f4f21_1|db3638_422c94_5|522b3b_d08b8a_9|6e55bb_ad359e_13|a1cfe2_36d661_17|28f234_304162_21|1d9759_369322_25|95add6_efd726_29|470a2d_b6d691_33|f3f7f7_2c865c_37|929da5_237870_41|77de39_d739a2_45|2eb4bd_39d674_49|3a6808_bacad7_53|1bd5ba_7cbc6f_57|288e96_66cc4f_61|24c404_d7eb2c_65|a1b4b5_05732e_69|a9f677_b6814c_73|f43f76_1a9290_77|800691_3f1856_81|e28e00_717a44_85|432f9a_d4d729_89|eb68b8_5bc806_93|b19127_5f8d61_97|e9cbfc_f26aa2_101|65ecc8_efeb82_105|84c339_a67a51_109|544b53_1b9a07_113|fff953_1a8e3c_117;;-1
5/a;OPEN_LEARNING;2;5A;f86da3_531375_4|f8bb54_8369d6_8|d1ae66_f56a6c_12|07cc65_5a2fdd_16|48f6d7_b7a2b7_20|aaa6d8_c08f24_24|9dcfe6_196c54_28|3ff91a_057d86_32|e0fbb2_dbc618_36|03b893_4fc2a0_40|13cd4c_1c16ce_44|4032b0_b8856f_48|26b26f_babb5c_52|71537b_2c0a5d_56|ad7f0a_131ceb_60|2c126e_b28b53_64|923dcf_a66625_68|783285_b16c61_72|f8e5be_c066f7_76|ee2a90_1eb80d_80|109c3c_44c2ff_84|6a6761_7af7fb_88|96bc7b_8c7265_92|bde5f8_7aa42c_96|d75b2e_fd5314_100|1fcb95_29e220_104|4149c2_932476_108|b39418_c4d931_112|9905e4_b3bf8c_116|f5ab05_3be9e3_120;;-1
5/b;OPEN_LEARNING;2;5B;5a5aef_5b736b_3|fcf722_8d06af_7|a76f08_7894b6_11|859935_5e6a9b_15|c71901_55513e_19|d77859_a14d91_23|0beb8f_0f23d5_27|f03ee8_6cc815_31|ea625c_4293f1_35|5876d9_4bf920_39|ccb466_02a5e1_43|46ba0a_356c23_47|231ff7_86a391_51|ac5a7e_afc9c9_55|284da3_930e01_59|932578_1303a6_63|65adc9_e3d368_67|a69a8e_9b8397_71|57be4b_1f5d37_75|f84956_3e9357_79|5c8436_55acbe_83|7190c5_ab12fb_87|3611ce_f6ed0a_91|880e06_16d892_95|339267_b4fb34_99|589754_fdbab7_103|e32965_712fca_107|3bb295_aafe64_111|4b390d_6f5958_115|9d8963_72e59f_119;;-1
5/c;OPEN_LEARNING;2;5C;3b6079_e11106_2|1cae1d_b13f88_6|8a5ebd_0bdfe4_10|426290_5f8c6d_14|2c9032_764026_18|197926_12956a_22|e90158_1ba263_26|604e7e_f9aeec_30|ee8ebf_0f178b_34|e370df_ed53a3_38|cb3f60_f8bac7_42|aea7f9_3ccaea_46|61ac0b_716c2e_50|c790d2_fbdc64_54|1618da_653cc8_58|76fad4_40e662_62|4047f7_a505fc_66|bf99bd_a54e96_70|10d59a_b8ea5c_74|040c52_1bfe17_78|e98791_d23828_82|000ccf_d3ed66_86|1ac58d_34e49c_90|501d03_7da72a_94|e4c36a_15a869_98|aa5623_d63924_102|0ba43e_0c00e0_106|ba7825_57ce42_110|651410_50208d_114|ffab56_2d063f_118;;-1
5/d;OPEN_LEARNING;2;5D;35c0f2_9f4f21_1|db3638_422c94_5|522b3b_d08b8a_9|6e55bb_ad359e_13|a1cfe2_36d661_17|28f234_304162_21|1d9759_369322_25|95add6_efd726_29|470a2d_b6d691_33|f3f7f7_2c865c_37|929da5_237870_41|77de39_d739a2_45|2eb4bd_39d674_49|3a6808_bacad7_53|1bd5ba_7cbc6f_57|288e96_66cc4f_61|24c404_d7eb2c_65|a1b4b5_05732e_69|a9f677_b6814c_73|f43f76_1a9290_77|800691_3f1856_81|e28e00_717a44_85|432f9a_d4d729_89|eb68b8_5bc806_93|b19127_5f8d61_97|e9cbfc_f26aa2_101|65ecc8_efeb82_105|84c339_a67a51_109|544b53_1b9a07_113|fff953_1a8e3c_117;;-1
6/a+c/rel_ka;RELIGION_CA;2;6A|6C;ac3c58_892e16_230|64f30b_44a1a1_218|61a02a_087d59_206|0b38a2_2e6a21_194|1fea92_c74c25_182|bb24cd_fa9a89_170|fbd98e_68ae49_158|10f100_0e9e2c_146|3cd22d_a93f78_134|b5f513_a156ce_122|5c13a3_6a8d7a_232|a75d3d_61f66f_220|09e924_d1b9f8_208|c09210_9909a9_196|0a0a7f_f75b1a_184|06d893_0fca32_172|09174e_eff763_160|83cc30_d28c0d_148|348a32_212fcb_136|ff544a_c6c299_124;;-1
6/a+c/rel_ev;RELIGION_EV;2;6A|6C;ccb7ba_6ebefb_238|47c07d_799966_226|444640_f91206_214|e8c1df_4b7d6a_202|041a8f_583f98_190|98857d_20c4d2_178|411a81_859811_166|002e3c_265ce2_154|8f11c1_f99d7a_142|2119f8_8b2eed_130|216cad_a581c2_240|d6ca8d_f94935_228|148823_cbbdc2_216|aec0a4_004ae4_204|4d1f6d_73bad9_192|cf211e_c6249c_180|99c465_ca78e3_168|b44bc0_5729e1_156|d0c5dd_e0cf2c_144|6b5698_535881_132;;-1
6/a+c/rel_et;RELIGION_ET;2;6A|6C;1fb1dc_f4a409_234|24376a_d1f1f8_222|1f5537_b0d3c0_210|564405_28bb60_198|ca2254_47a450_186|7f235c_371a48_174|e767b7_99dcf2_162|b14ece_52436a_150|82fb59_00875c_138|d68ef5_614a99_126|8ec206_a980cf_236|1f355d_1c3a5a_224|c92467_d75b95_212|fed67d_33e0cf_200|9f91d6_27f4d5_188|b0ee4a_ae9151_176|7fb06b_4284c8_164|37f562_3d47f6_152|99ac34_98c870_140|0316bd_ac6928_128;;-1
6/b+d/rel_ka;RELIGION_CA;2;6B|6D;4185e0_eff363_229|3d6964_8e42dc_217|c074a1_6b41d6_205|f66e67_85aa25_193|f5222b_285402_181|e282ea_02de84_169|2f0ad7_4d435b_157|8f4adb_b778d8_145|5ba19d_24da1a_133|8af610_779579_121|871aa9_84c06b_231|aa922b_695b67_219|e48458_5a7d8f_207|bb2936_e2d554_195|48e2b9_e34e75_183|d028e9_ed2ca5_171|9707fd_a7d042_159|d4b2ab_52af03_147|15e0ed_5c5e4b_135|4881f7_b6697a_123;;-1
6/b+d/rel_ev;RELIGION_EV;2;6B|6D;e90e4b_4f83b9_237|cda3bd_5d3d3a_225|7cc7f5_b0e6b3_213|1991ec_3dfa2d_201|8bc41e_055650_189|e224ad_23f7af_177|f34e26_51f98e_165|3a8a08_10f224_153|241f34_d772c3_141|4fc68f_43442f_129|08a83a_9234ae_239|e1a985_10591d_227|0c8a28_32fdb9_215|e614ac_104f2e_203|05af4f_a9e799_191|43a744_1257c4_179|085f77_7152f7_167|222a5a_1b3f06_155|8353bc_e6a396_143|59dadd_ea380d_131;;-1
6/b+d/rel_et;RELIGION_ET;2;6B|6D;80a26c_b117f6_233|d5f806_bb42a3_221|cf21e1_a089e4_209|589be9_9f3789_197|d4ac46_8f0c8f_185|2fb6bc_5b0376_173|7158f1_34e676_161|1bec23_333c53_149|857394_777da0_137|f31097_f3ab86_125|2510e4_952e14_235|b4a57d_b0906d_223|748b2c_e22f96_211|22c665_db3a1c_199|0e689a_12bc89_187|3d3d0c_10a9ad_175|ca82a9_681337_163|17aa45_1219f0_151|dfb16f_a4ae9a_139|e05117_ef25d4_127;;-1
6/a/1;GERMAN;2;6A;0316bd_ac6928_128|348a32_212fcb_136|d0c5dd_e0cf2c_144|37f562_3d47f6_152|09174e_eff763_160|99c465_ca78e3_168|b0ee4a_ae9151_176|0a0a7f_f75b1a_184|4d1f6d_73bad9_192|fed67d_33e0cf_200|09e924_d1b9f8_208|148823_cbbdc2_216|1f355d_1c3a5a_224|5c13a3_6a8d7a_232|216cad_a581c2_240;;-1
6/a/2;GERMAN;2;6A;ff544a_c6c299_124|6b5698_535881_132|99ac34_98c870_140|83cc30_d28c0d_148|b44bc0_5729e1_156|7fb06b_4284c8_164|06d893_0fca32_172|cf211e_c6249c_180|9f91d6_27f4d5_188|c09210_9909a9_196|aec0a4_004ae4_204|c92467_d75b95_212|a75d3d_61f66f_220|d6ca8d_f94935_228|8ec206_a980cf_236;;-1
6/a;GERMAN;2;6A;ff544a_c6c299_124|0316bd_ac6928_128|6b5698_535881_132|348a32_212fcb_136|99ac34_98c870_140|d0c5dd_e0cf2c_144|83cc30_d28c0d_148|37f562_3d47f6_152|b44bc0_5729e1_156|09174e_eff763_160|7fb06b_4284c8_164|99c465_ca78e3_168|06d893_0fca32_172|b0ee4a_ae9151_176|cf211e_c6249c_180|0a0a7f_f75b1a_184|9f91d6_27f4d5_188|4d1f6d_73bad9_192|c09210_9909a9_196|fed67d_33e0cf_200|aec0a4_004ae4_204|09e924_d1b9f8_208|c92467_d75b95_212|148823_cbbdc2_216|a75d3d_61f66f_220|1f355d_1c3a5a_224|d6ca8d_f94935_228|5c13a3_6a8d7a_232|8ec206_a980cf_236|216cad_a581c2_240;;-1
6/b/1;GERMAN;2;6B;e05117_ef25d4_127|15e0ed_5c5e4b_135|8353bc_e6a396_143|17aa45_1219f0_151|9707fd_a7d042_159|085f77_7152f7_167|3d3d0c_10a9ad_175|48e2b9_e34e75_183|05af4f_a9e799_191|22c665_db3a1c_199|e48458_5a7d8f_207|0c8a28_32fdb9_215|b4a57d_b0906d_223|871aa9_84c06b_231|08a83a_9234ae_239;;-1
6/b/2;GERMAN;2;6B;4881f7_b6697a_123|59dadd_ea380d_131|dfb16f_a4ae9a_139|d4b2ab_52af03_147|222a5a_1b3f06_155|ca82a9_681337_163|d028e9_ed2ca5_171|43a744_1257c4_179|0e689a_12bc89_187|bb2936_e2d554_195|e614ac_104f2e_203|748b2c_e22f96_211|aa922b_695b67_219|e1a985_10591d_227|2510e4_952e14_235;;-1
6/b;GERMAN;2;6B;4881f7_b6697a_123|e05117_ef25d4_127|59dadd_ea380d_131|15e0ed_5c5e4b_135|dfb16f_a4ae9a_139|8353bc_e6a396_143|d4b2ab_52af03_147|17aa45_1219f0_151|222a5a_1b3f06_155|9707fd_a7d042_159|ca82a9_681337_163|085f77_7152f7_167|d028e9_ed2ca5_171|3d3d0c_10a9ad_175|43a744_1257c4_179|48e2b9_e34e75_183|0e689a_12bc89_187|05af4f_a9e799_191|bb2936_e2d554_195|22c665_db3a1c_199|e614ac_104f2e_203|e48458_5a7d8f_207|748b2c_e22f96_211|0c8a28_32fdb9_215|aa922b_695b67_219|b4a57d_b0906d_223|e1a985_10591d_227|871aa9_84c06b_231|2510e4_952e14_235|08a83a_9234ae_239;;-1
6/c/1;GERMAN;2;6C;d68ef5_614a99_126|3cd22d_a93f78_134|8f11c1_f99d7a_142|b14ece_52436a_150|fbd98e_68ae49_158|411a81_859811_166|7f235c_371a48_174|1fea92_c74c25_182|041a8f_583f98_190|564405_28bb60_198|61a02a_087d59_206|444640_f91206_214|24376a_d1f1f8_222|ac3c58_892e16_230|ccb7ba_6ebefb_238;;-1
6/c/2;GERMAN;2;6C;b5f513_a156ce_122|2119f8_8b2eed_130|82fb59_00875c_138|10f100_0e9e2c_146|002e3c_265ce2_154|e767b7_99dcf2_162|bb24cd_fa9a89_170|98857d_20c4d2_178|ca2254_47a450_186|0b38a2_2e6a21_194|e8c1df_4b7d6a_202|1f5537_b0d3c0_210|64f30b_44a1a1_218|47c07d_799966_226|1fb1dc_f4a409_234;;-1
6/c;GERMAN;2;6C;b5f513_a156ce_122|d68ef5_614a99_126|2119f8_8b2eed_130|3cd22d_a93f78_134|82fb59_00875c_138|8f11c1_f99d7a_142|10f100_0e9e2c_146|b14ece_52436a_150|002e3c_265ce2_154|fbd98e_68ae49_158|e767b7_99dcf2_162|411a81_859811_166|bb24cd_fa9a89_170|7f235c_371a48_174|98857d_20c4d2_178|1fea92_c74c25_182|ca2254_47a450_186|041a8f_583f98_190|0b38a2_2e6a21_194|564405_28bb60_198|e8c1df_4b7d6a_202|61a02a_087d59_206|1f5537_b0d3c0_210|444640_f91206_214|64f30b_44a1a1_218|24376a_d1f1f8_222|47c07d_799966_226|ac3c58_892e16_230|1fb1dc_f4a409_234|ccb7ba_6ebefb_238;;-1
6/d/1;GERMAN;2;6D;f31097_f3ab86_125|5ba19d_24da1a_133|241f34_d772c3_141|1bec23_333c53_149|2f0ad7_4d435b_157|f34e26_51f98e_165|2fb6bc_5b0376_173|f5222b_285402_181|8bc41e_055650_189|589be9_9f3789_197|c074a1_6b41d6_205|7cc7f5_b0e6b3_213|d5f806_bb42a3_221|4185e0_eff363_229|e90e4b_4f83b9_237;;-1
6/d/2;GERMAN;2;6D;8af610_779579_121|4fc68f_43442f_129|857394_777da0_137|8f4adb_b778d8_145|3a8a08_10f224_153|7158f1_34e676_161|e282ea_02de84_169|e224ad_23f7af_177|d4ac46_8f0c8f_185|f66e67_85aa25_193|1991ec_3dfa2d_201|cf21e1_a089e4_209|3d6964_8e42dc_217|cda3bd_5d3d3a_225|80a26c_b117f6_233;;-1
6/d;GERMAN;2;6D;8af610_779579_121|f31097_f3ab86_125|4fc68f_43442f_129|5ba19d_24da1a_133|857394_777da0_137|241f34_d772c3_141|8f4adb_b778d8_145|1bec23_333c53_149|3a8a08_10f224_153|2f0ad7_4d435b_157|7158f1_34e676_161|f34e26_51f98e_165|e282ea_02de84_169|2fb6bc_5b0376_173|e224ad_23f7af_177|f5222b_285402_181|d4ac46_8f0c8f_185|8bc41e_055650_189|f66e67_85aa25_193|589be9_9f3789_197|1991ec_3dfa2d_201|c074a1_6b41d6_205|cf21e1_a089e4_209|7cc7f5_b0e6b3_213|3d6964_8e42dc_217|d5f806_bb42a3_221|cda3bd_5d3d3a_225|4185e0_eff363_229|80a26c_b117f6_233|e90e4b_4f83b9_237;;-1
6/a/1;ENGLISH;2;6A;0316bd_ac6928_128|348a32_212fcb_136|d0c5dd_e0cf2c_144|37f562_3d47f6_152|09174e_eff763_160|99c465_ca78e3_168|b0ee4a_ae9151_176|0a0a7f_f75b1a_184|4d1f6d_73bad9_192|fed67d_33e0cf_200|09e924_d1b9f8_208|148823_cbbdc2_216|1f355d_1c3a5a_224|5c13a3_6a8d7a_232|216cad_a581c2_240;;-1
6/a/2;ENGLISH;2;6A;ff544a_c6c299_124|6b5698_535881_132|99ac34_98c870_140|83cc30_d28c0d_148|b44bc0_5729e1_156|7fb06b_4284c8_164|06d893_0fca32_172|cf211e_c6249c_180|9f91d6_27f4d5_188|c09210_9909a9_196|aec0a4_004ae4_204|c92467_d75b95_212|a75d3d_61f66f_220|d6ca8d_f94935_228|8ec206_a980cf_236;;-1
6/a;ENGLISH;2;6A;ff544a_c6c299_124|0316bd_ac6928_128|6b5698_535881_132|348a32_212fcb_136|99ac34_98c870_140|d0c5dd_e0cf2c_144|83cc30_d28c0d_148|37f562_3d47f6_152|b44bc0_5729e1_156|09174e_eff763_160|7fb06b_4284c8_164|99c465_ca78e3_168|06d893_0fca32_172|b0ee4a_ae9151_176|cf211e_c6249c_180|0a0a7f_f75b1a_184|9f91d6_27f4d5_188|4d1f6d_73bad9_192|c09210_9909a9_196|fed67d_33e0cf_200|aec0a4_004ae4_204|09e924_d1b9f8_208|c92467_d75b95_212|148823_cbbdc2_216|a75d3d_61f66f_220|1f355d_1c3a5a_224|d6ca8d_f94935_228|5c13a3_6a8d7a_232|8ec206_a980cf_236|216cad_a581c2_240;;-1
6/b/1;ENGLISH;2;6B;e05117_ef25d4_127|15e0ed_5c5e4b_135|8353bc_e6a396_143|17aa45_1219f0_151|9707fd_a7d042_159|085f77_7152f7_167|3d3d0c_10a9ad_175|48e2b9_e34e75_183|05af4f_a9e799_191|22c665_db3a1c_199|e48458_5a7d8f_207|0c8a28_32fdb9_215|b4a57d_b0906d_223|871aa9_84c06b_231|08a83a_9234ae_239;;-1
6/b/2;ENGLISH;2;6B;4881f7_b6697a_123|59dadd_ea380d_131|dfb16f_a4ae9a_139|d4b2ab_52af03_147|222a5a_1b3f06_155|ca82a9_681337_163|d028e9_ed2ca5_171|43a744_1257c4_179|0e689a_12bc89_187|bb2936_e2d554_195|e614ac_104f2e_203|748b2c_e22f96_211|aa922b_695b67_219|e1a985_10591d_227|2510e4_952e14_235;;-1
6/b;ENGLISH;2;6B;4881f7_b6697a_123|e05117_ef25d4_127|59dadd_ea380d_131|15e0ed_5c5e4b_135|dfb16f_a4ae9a_139|8353bc_e6a396_143|d4b2ab_52af03_147|17aa45_1219f0_151|222a5a_1b3f06_155|9707fd_a7d042_159|ca82a9_681337_163|085f77_7152f7_167|d028e9_ed2ca5_171|3d3d0c_10a9ad_175|43a744_1257c4_179|48e2b9_e34e75_183|0e689a_12bc89_187|05af4f_a9e799_191|bb2936_e2d554_195|22c665_db3a1c_199|e614ac_104f2e_203|e48458_5a7d8f_207|748b2c_e22f96_211|0c8a28_32fdb9_215|aa922b_695b67_219|b4a57d_b0906d_223|e1a985_10591d_227|871aa9_84c06b_231|2510e4_952e14_235|08a83a_9234ae_239;;-1
6/c/1;ENGLISH;2;6C;d68ef5_614a99_126|3cd22d_a93f78_134|8f11c1_f99d7a_142|b14ece_52436a_150|fbd98e_68ae49_158|411a81_859811_166|7f235c_371a48_174|1fea92_c74c25_182|041a8f_583f98_190|564405_28bb60_198|61a02a_087d59_206|444640_f91206_214|24376a_d1f1f8_222|ac3c58_892e16_230|ccb7ba_6ebefb_238;;-1
6/c/2;ENGLISH;2;6C;b5f513_a156ce_122|2119f8_8b2eed_130|82fb59_00875c_138|10f100_0e9e2c_146|002e3c_265ce2_154|e767b7_99dcf2_162|bb24cd_fa9a89_170|98857d_20c4d2_178|ca2254_47a450_186|0b38a2_2e6a21_194|e8c1df_4b7d6a_202|1f5537_b0d3c0_210|64f30b_44a1a1_218|47c07d_799966_226|1fb1dc_f4a409_234;;-1
6/c;ENGLISH;2;6C;b5f513_a156ce_122|d68ef5_614a99_126|2119f8_8b2eed_130|3cd22d_a93f78_134|82fb59_00875c_138|8f11c1_f99d7a_142|10f100_0e9e2c_146|b14ece_52436a_150|002e3c_265ce2_154|fbd98e_68ae49_158|e767b7_99dcf2_162|411a81_859811_166|bb24cd_fa9a89_170|7f235c_371a48_174|98857d_20c4d2_178|1fea92_c74c25_182|ca2254_47a450_186|041a8f_583f98_190|0b38a2_2e6a21_194|564405_28bb60_198|e8c1df_4b7d6a_202|61a02a_087d59_206|1f5537_b0d3c0_210|444640_f91206_214|64f30b_44a1a1_218|24376a_d1f1f8_222|47c07d_799966_226|ac3c58_892e16_230|1fb1dc_f4a409_234|ccb7ba_6ebefb_238;;-1
6/d/1;ENGLISH;2;6D;f31097_f3ab86_125|5ba19d_24da1a_133|241f34_d772c3_141|1bec23_333c53_149|2f0ad7_4d435b_157|f34e26_51f98e_165|2fb6bc_5b0376_173|f5222b_285402_181|8bc41e_055650_189|589be9_9f3789_197|c074a1_6b41d6_205|7cc7f5_b0e6b3_213|d5f806_bb42a3_221|4185e0_eff363_229|e90e4b_4f83b9_237;;-1
6/d/2;ENGLISH;2;6D;8af610_779579_121|4fc68f_43442f_129|857394_777da0_137|8f4adb_b778d8_145|3a8a08_10f224_153|7158f1_34e676_161|e282ea_02de84_169|e224ad_23f7af_177|d4ac46_8f0c8f_185|f66e67_85aa25_193|1991ec_3dfa2d_201|cf21e1_a089e4_209|3d6964_8e42dc_217|cda3bd_5d3d3a_225|80a26c_b117f6_233;;-1
6/d;ENGLISH;2;6D;8af610_779579_121|f31097_f3ab86_125|4fc68f_43442f_129|5ba19d_24da1a_133|857394_777da0_137|241f34_d772c3_141|8f4adb_b778d8_145|1bec23_333c53_149|3a8a08_10f224_153|2f0ad7_4d435b_157|7158f1_34e676_161|f34e26_51f98e_165|e282ea_02de84_169|2fb6bc_5b0376_173|e224ad_23f7af_177|f5222b_285402_181|d4ac46_8f0c8f_185|8bc41e_055650_189|f66e67_85aa25_193|589be9_9f3789_197|1991ec_3dfa2d_201|c074a1_6b41d6_205|cf21e1_a089e4_209|7cc7f5_b0e6b3_213|3d6964_8e42dc_217|d5f806_bb42a3_221|cda3bd_5d3d3a_225|4185e0_eff363_229|80a26c_b117f6_233|e90e4b_4f83b9_237;;-1
6/a/1;MATHS;2;6A;0316bd_ac6928_128|348a32_212fcb_136|d0c5dd_e0cf2c_144|37f562_3d47f6_152|09174e_eff763_160|99c465_ca78e3_168|b0ee4a_ae9151_176|0a0a7f_f75b1a_184|4d1f6d_73bad9_192|fed67d_33e0cf_200|09e924_d1b9f8_208|148823_cbbdc2_216|1f355d_1c3a5a_224|5c13a3_6a8d7a_232|216cad_a581c2_240;;-1
6/a/2;MATHS;2;6A;ff544a_c6c299_124|6b5698_535881_132|99ac34_98c870_140|83cc30_d28c0d_148|b44bc0_5729e1_156|7fb06b_4284c8_164|06d893_0fca32_172|cf211e_c6249c_180|9f91d6_27f4d5_188|c09210_9909a9_196|aec0a4_004ae4_204|c92467_d75b95_212|a75d3d_61f66f_220|d6ca8d_f94935_228|8ec206_a980cf_236;;-1
6/a;MATHS;2;6A;ff544a_c6c299_124|0316bd_ac6928_128|6b5698_535881_132|348a32_212fcb_136|99ac34_98c870_140|d0c5dd_e0cf2c_144|83cc30_d28c0d_148|37f562_3d47f6_152|b44bc0_5729e1_156|09174e_eff763_160|7fb06b_4284c8_164|99c465_ca78e3_168|06d893_0fca32_172|b0ee4a_ae9151_176|cf211e_c6249c_180|0a0a7f_f75b1a_184|9f91d6_27f4d5_188|4d1f6d_73bad9_192|c09210_9909a9_196|fed67d_33e0cf_200|aec0a4_004ae4_204|09e924_d1b9f8_208|c92467_d75b95_212|148823_cbbdc2_216|a75d3d_61f66f_220|1f355d_1c3a5a_224|d6ca8d_f94935_228|5c13a3_6a8d7a_232|8ec206_a980cf_236|216cad_a581c2_240;;-1
6/b/1;MATHS;2;6B;e05117_ef25d4_127|15e0ed_5c5e4b_135|8353bc_e6a396_143|17aa45_1219f0_151|9707fd_a7d042_159|085f77_7152f7_167|3d3d0c_10a9ad_175|48e2b9_e34e75_183|05af4f_a9e799_191|22c665_db3a1c_199|e48458_5a7d8f_207|0c8a28_32fdb9_215|b4a57d_b0906d_223|871aa9_84c06b_231|08a83a_9234ae_239;;-1
6/b/2;MATHS;2;6B;4881f7_b6697a_123|59dadd_ea380d_131|dfb16f_a4ae9a_139|d4b2ab_52af03_147|222a5a_1b3f06_155|ca82a9_681337_163|d028e9_ed2ca5_171|43a744_1257c4_179|0e689a_12bc89_187|bb2936_e2d554_195|e614ac_104f2e_203|748b2c_e22f96_211|aa922b_695b67_219|e1a985_10591d_227|2510e4_952e14_235;;-1
6/b;MATHS;2;6B;4881f7_b6697a_123|e05117_ef25d4_127|59dadd_ea380d_131|15e0ed_5c5e4b_135|dfb16f_a4ae9a_139|8353bc_e6a396_143|d4b2ab_52af03_147|17aa45_1219f0_151|222a5a_1b3f06_155|9707fd_a7d042_159|ca82a9_681337_163|085f77_7152f7_167|d028e9_ed2ca5_171|3d3d0c_10a9ad_175|43a744_1257c4_179|48e2b9_e34e75_183|0e689a_12bc89_187|05af4f_a9e799_191|bb2936_e2d554_195|22c665_db3a1c_199|e614ac_104f2e_203|e48458_5a7d8f_207|748b2c_e22f96_211|0c8a28_32fdb9_215|aa922b_695b67_219|b4a57d_b0906d_223|e1a985_10591d_227|871aa9_84c06b_231|2510e4_952e14_235|08a83a_9234ae_239;;-1
6/c/1;MATHS;2;6C;d68ef5_614a99_126|3cd22d_a93f78_134|8f11c1_f99d7a_142|b14ece_52436a_150|fbd98e_68ae49_158|411a81_859811_166|7f235c_371a48_174|1fea92_c74c25_182|041a8f_583f98_190|564405_28bb60_198|61a02a_087d59_206|444640_f91206_214|24376a_d1f1f8_222|ac3c58_892e16_230|ccb7ba_6ebefb_238;;-1
6/c/2;MATHS;2;6C;b5f513_a156ce_122|2119f8_8b2eed_130|82fb59_00875c_138|10f100_0e9e2c_146|002e3c_265ce2_154|e767b7_99dcf2_162|bb24cd_fa9a89_170|98857d_20c4d2_178|ca2254_47a450_186|0b38a2_2e6a21_194|e8c1df_4b7d6a_202|1f5537_b0d3c0_210|64f30b_44a1a1_218|47c07d_799966_226|1fb1dc_f4a409_234;;-1
6/c;MATHS;2;6C;b5f513_a156ce_122|d68ef5_614a99_126|2119f8_8b2eed_130|3cd22d_a93f78_134|82fb59_00875c_138|8f11c1_f99d7a_142|10f100_0e9e2c_146|b14ece_52436a_150|002e3c_265ce2_154|fbd98e_68ae49_158|e767b7_99dcf2_162|411a81_859811_166|bb24cd_fa9a89_170|7f235c_371a48_174|98857d_20c4d2_178|1fea92_c74c25_182|ca2254_47a450_186|041a8f_583f98_190|0b38a2_2e6a21_194|564405_28bb60_198|e8c1df_4b7d6a_202|61a02a_087d59_206|1f5537_b0d3c0_210|444640_f91206_214|64f30b_44a1a1_218|24376a_d1f1f8_222|47c07d_799966_226|ac3c58_892e16_230|1fb1dc_f4a409_234|ccb7ba_6ebefb_238;;-1
6/d/1;MATHS;2;6D;f31097_f3ab86_125|5ba19d_24da1a_133|241f34_d772c3_141|1bec23_333c53_149|2f0ad7_4d435b_157|f34e26_51f98e_165|2fb6bc_5b0376_173|f5222b_285402_181|8bc41e_055650_189|589be9_9f3789_197|c074a1_6b41d6_205|7cc7f5_b0e6b3_213|d5f806_bb42a3_221|4185e0_eff363_229|e90e4b_4f83b9_237;;-1
6/d/2;MATHS;2;6D;8af610_779579_121|4fc68f_43442f_129|857394_777da0_137|8f4adb_b778d8_145|3a8a08_10f224_153|7158f1_34e676_161|e282ea_02de84_169|e224ad_23f7af_177|d4ac46_8f0c8f_185|f66e67_85aa25_193|1991ec_3dfa2d_201|cf21e1_a089e4_209|3d6964_8e42dc_217|cda3bd_5d3d3a_225|80a26c_b117f6_233;;-1
6/d;MATHS;2;6D;8af610_779579_121|f31097_f3ab86_125|4fc68f_43442f_129|5ba19d_24da1a_133|857394_777da0_137|241f34_d772c3_141|8f4adb_b778d8_145|1bec23_333c53_149|3a8a08_10f224_153|2f0ad7_4d435b_157|7158f1_34e676_161|f34e26_51f98e_165|e282ea_02de84_169|2fb6bc_5b0376_173|e224ad_23f7af_177|f5222b_285402_181|d4ac46_8f0c8f_185|8bc41e_055650_189|f66e67_85aa25_193|589be9_9f3789_197|1991ec_3dfa2d_201|c074a1_6b41d6_205|cf21e1_a089e4_209|7cc7f5_b0e6b3_213|3d6964_8e42dc_217|d5f806_bb42a3_221|cda3bd_5d3d3a_225|4185e0_eff363_229|80a26c_b117f6_233|e90e4b_4f83b9_237;;-1
6/a;SOCIETY_SCIENCE;2;6A;ff544a_c6c299_124|0316bd_ac6928_128|6b5698_535881_132|348a32_212fcb_136|99ac34_98c870_140|d0c5dd_e0cf2c_144|83cc30_d28c0d_148|37f562_3d47f6_152|b44bc0_5729e1_156|09174e_eff763_160|7fb06b_4284c8_164|99c465_ca78e3_168|06d893_0fca32_172|b0ee4a_ae9151_176|cf211e_c6249c_180|0a0a7f_f75b1a_184|9f91d6_27f4d5_188|4d1f6d_73bad9_192|c09210_9909a9_196|fed67d_33e0cf_200|aec0a4_004ae4_204|09e924_d1b9f8_208|c92467_d75b95_212|148823_cbbdc2_216|a75d3d_61f66f_220|1f355d_1c3a5a_224|d6ca8d_f94935_228|5c13a3_6a8d7a_232|8ec206_a980cf_236|216cad_a581c2_240;;-1
6/b;SOCIETY_SCIENCE;2;6B;4881f7_b6697a_123|e05117_ef25d4_127|59dadd_ea380d_131|15e0ed_5c5e4b_135|dfb16f_a4ae9a_139|8353bc_e6a396_143|d4b2ab_52af03_147|17aa45_1219f0_151|222a5a_1b3f06_155|9707fd_a7d042_159|ca82a9_681337_163|085f77_7152f7_167|d028e9_ed2ca5_171|3d3d0c_10a9ad_175|43a744_1257c4_179|48e2b9_e34e75_183|0e689a_12bc89_187|05af4f_a9e799_191|bb2936_e2d554_195|22c665_db3a1c_199|e614ac_104f2e_203|e48458_5a7d8f_207|748b2c_e22f96_211|0c8a28_32fdb9_215|aa922b_695b67_219|b4a57d_b0906d_223|e1a985_10591d_227|871aa9_84c06b_231|2510e4_952e14_235|08a83a_9234ae_239;;-1
6/c;SOCIETY_SCIENCE;2;6C;b5f513_a156ce_122|d68ef5_614a99_126|2119f8_8b2eed_130|3cd22d_a93f78_134|82fb59_00875c_138|8f11c1_f99d7a_142|10f100_0e9e2c_146|b14ece_52436a_150|002e3c_265ce2_154|fbd98e_68ae49_158|e767b7_99dcf2_162|411a81_859811_166|bb24cd_fa9a89_170|7f235c_371a48_174|98857d_20c4d2_178|1fea92_c74c25_182|ca2254_47a450_186|041a8f_583f98_190|0b38a2_2e6a21_194|564405_28bb60_198|e8c1df_4b7d6a_202|61a02a_087d59_206|1f5537_b0d3c0_210|444640_f91206_214|64f30b_44a1a1_218|24376a_d1f1f8_222|47c07d_799966_226|ac3c58_892e16_230|1fb1dc_f4a409_234|ccb7ba_6ebefb_238;;-1
6/d;SOCIETY_SCIENCE;2;6D;8af610_779579_121|f31097_f3ab86_125|4fc68f_43442f_129|5ba19d_24da1a_133|857394_777da0_137|241f34_d772c3_141|8f4adb_b778d8_145|1bec23_333c53_149|3a8a08_10f224_153|2f0ad7_4d435b_157|7158f1_34e676_161|f34e26_51f98e_165|e282ea_02de84_169|2fb6bc_5b0376_173|e224ad_23f7af_177|f5222b_285402_181|d4ac46_8f0c8f_185|8bc41e_055650_189|f66e67_85aa25_193|589be9_9f3789_197|1991ec_3dfa2d_201|c074a1_6b41d6_205|cf21e1_a089e4_209|7cc7f5_b0e6b3_213|3d6964_8e42dc_217|d5f806_bb42a3_221|cda3bd_5d3d3a_225|4185e0_eff363_229|80a26c_b117f6_233|e90e4b_4f83b9_237;;-1
6/a/1;SCIENCE;2;6A;0316bd_ac6928_128|348a32_212fcb_136|d0c5dd_e0cf2c_144|37f562_3d47f6_152|09174e_eff763_160|99c465_ca78e3_168|b0ee4a_ae9151_176|0a0a7f_f75b1a_184|4d1f6d_73bad9_192|fed67d_33e0cf_200|09e924_d1b9f8_208|148823_cbbdc2_216|1f355d_1c3a5a_224|5c13a3_6a8d7a_232|216cad_a581c2_240;;-1
6/a/2;SCIENCE;2;6A;ff544a_c6c299_124|6b5698_535881_132|99ac34_98c870_140|83cc30_d28c0d_148|b44bc0_5729e1_156|7fb06b_4284c8_164|06d893_0fca32_172|cf211e_c6249c_180|9f91d6_27f4d5_188|c09210_9909a9_196|aec0a4_004ae4_204|c92467_d75b95_212|a75d3d_61f66f_220|d6ca8d_f94935_228|8ec206_a980cf_236;;-1
6/b/1;SCIENCE;2;6B;e05117_ef25d4_127|15e0ed_5c5e4b_135|8353bc_e6a396_143|17aa45_1219f0_151|9707fd_a7d042_159|085f77_7152f7_167|3d3d0c_10a9ad_175|48e2b9_e34e75_183|05af4f_a9e799_191|22c665_db3a1c_199|e48458_5a7d8f_207|0c8a28_32fdb9_215|b4a57d_b0906d_223|871aa9_84c06b_231|08a83a_9234ae_239;;-1
6/b/2;SCIENCE;2;6B;4881f7_b6697a_123|59dadd_ea380d_131|dfb16f_a4ae9a_139|d4b2ab_52af03_147|222a5a_1b3f06_155|ca82a9_681337_163|d028e9_ed2ca5_171|43a744_1257c4_179|0e689a_12bc89_187|bb2936_e2d554_195|e614ac_104f2e_203|748b2c_e22f96_211|aa922b_695b67_219|e1a985_10591d_227|2510e4_952e14_235;;-1
6/c/1;SCIENCE;2;6C;d68ef5_614a99_126|3cd22d_a93f78_134|8f11c1_f99d7a_142|b14ece_52436a_150|fbd98e_68ae49_158|411a81_859811_166|7f235c_371a48_174|1fea92_c74c25_182|041a8f_583f98_190|564405_28bb60_198|61a02a_087d59_206|444640_f91206_214|24376a_d1f1f8_222|ac3c58_892e16_230|ccb7ba_6ebefb_238;;-1
6/c/2;SCIENCE;2;6C;b5f513_a156ce_122|2119f8_8b2eed_130|82fb59_00875c_138|10f100_0e9e2c_146|002e3c_265ce2_154|e767b7_99dcf2_162|bb24cd_fa9a89_170|98857d_20c4d2_178|ca2254_47a450_186|0b38a2_2e6a21_194|e8c1df_4b7d6a_202|1f5537_b0d3c0_210|64f30b_44a1a1_218|47c07d_799966_226|1fb1dc_f4a409_234;;-1
6/d/1;SCIENCE;2;6D;f31097_f3ab86_125|5ba19d_24da1a_133|241f34_d772c3_141|1bec23_333c53_149|2f0ad7_4d435b_157|f34e26_51f98e_165|2fb6bc_5b0376_173|f5222b_285402_181|8bc41e_055650_189|589be9_9f3789_197|c074a1_6b41d6_205|7cc7f5_b0e6b3_213|d5f806_bb42a3_221|4185e0_eff363_229|e90e4b_4f83b9_237;;-1
6/d/2;SCIENCE;2;6D;8af610_779579_121|4fc68f_43442f_129|857394_777da0_137|8f4adb_b778d8_145|3a8a08_10f224_153|7158f1_34e676_161|e282ea_02de84_169|e224ad_23f7af_177|d4ac46_8f0c8f_185|f66e67_85aa25_193|1991ec_3dfa2d_201|cf21e1_a089e4_209|3d6964_8e42dc_217|cda3bd_5d3d3a_225|80a26c_b117f6_233;;-1
6/a;MUSIC;2;6A;ff544a_c6c299_124|0316bd_ac6928_128|6b5698_535881_132|348a32_212fcb_136|99ac34_98c870_140|d0c5dd_e0cf2c_144|83cc30_d28c0d_148|37f562_3d47f6_152|b44bc0_5729e1_156|09174e_eff763_160|7fb06b_4284c8_164|99c465_ca78e3_168|06d893_0fca32_172|b0ee4a_ae9151_176|cf211e_c6249c_180|0a0a7f_f75b1a_184|9f91d6_27f4d5_188|4d1f6d_73bad9_192|c09210_9909a9_196|fed67d_33e0cf_200|aec0a4_004ae4_204|09e924_d1b9f8_208|c92467_d75b95_212|148823_cbbdc2_216|a75d3d_61f66f_220|1f355d_1c3a5a_224|d6ca8d_f94935_228|5c13a3_6a8d7a_232|8ec206_a980cf_236|216cad_a581c2_240;;-1
6/b;MUSIC;2;6B;4881f7_b6697a_123|e05117_ef25d4_127|59dadd_ea380d_131|15e0ed_5c5e4b_135|dfb16f_a4ae9a_139|8353bc_e6a396_143|d4b2ab_52af03_147|17aa45_1219f0_151|222a5a_1b3f06_155|9707fd_a7d042_159|ca82a9_681337_163|085f77_7152f7_167|d028e9_ed2ca5_171|3d3d0c_10a9ad_175|43a744_1257c4_179|48e2b9_e34e75_183|0e689a_12bc89_187|05af4f_a9e799_191|bb2936_e2d554_195|22c665_db3a1c_199|e614ac_104f2e_203|e48458_5a7d8f_207|748b2c_e22f96_211|0c8a28_32fdb9_215|aa922b_695b67_219|b4a57d_b0906d_223|e1a985_10591d_227|871aa9_84c06b_231|2510e4_952e14_235|08a83a_9234ae_239;;-1
6/c;MUSIC;2;6C;b5f513_a156ce_122|d68ef5_614a99_126|2119f8_8b2eed_130|3cd22d_a93f78_134|82fb59_00875c_138|8f11c1_f99d7a_142|10f100_0e9e2c_146|b14ece_52436a_150|002e3c_265ce2_154|fbd98e_68ae49_158|e767b7_99dcf2_162|411a81_859811_166|bb24cd_fa9a89_170|7f235c_371a48_174|98857d_20c4d2_178|1fea92_c74c25_182|ca2254_47a450_186|041a8f_583f98_190|0b38a2_2e6a21_194|564405_28bb60_198|e8c1df_4b7d6a_202|61a02a_087d59_206|1f5537_b0d3c0_210|444640_f91206_214|64f30b_44a1a1_218|24376a_d1f1f8_222|47c07d_799966_226|ac3c58_892e16_230|1fb1dc_f4a409_234|ccb7ba_6ebefb_238;;-1
6/d;MUSIC;2;6D;8af610_779579_121|f31097_f3ab86_125|4fc68f_43442f_129|5ba19d_24da1a_133|857394_777da0_137|241f34_d772c3_141|8f4adb_b778d8_145|1bec23_333c53_149|3a8a08_10f224_153|2f0ad7_4d435b_157|7158f1_34e676_161|f34e26_51f98e_165|e282ea_02de84_169|2fb6bc_5b0376_173|e224ad_23f7af_177|f5222b_285402_181|d4ac46_8f0c8f_185|8bc41e_055650_189|f66e67_85aa25_193|589be9_9f3789_197|1991ec_3dfa2d_201|c074a1_6b41d6_205|cf21e1_a089e4_209|7cc7f5_b0e6b3_213|3d6964_8e42dc_217|d5f806_bb42a3_221|cda3bd_5d3d3a_225|4185e0_eff363_229|80a26c_b117f6_233|e90e4b_4f83b9_237;;-1
6/a;ART;2;6A;ff544a_c6c299_124|0316bd_ac6928_128|6b5698_535881_132|348a32_212fcb_136|99ac34_98c870_140|d0c5dd_e0cf2c_144|83cc30_d28c0d_148|37f562_3d47f6_152|b44bc0_5729e1_156|09174e_eff763_160|7fb06b_4284c8_164|99c465_ca78e3_168|06d893_0fca32_172|b0ee4a_ae9151_176|cf211e_c6249c_180|0a0a7f_f75b1a_184|9f91d6_27f4d5_188|4d1f6d_73bad9_192|c09210_9909a9_196|fed67d_33e0cf_200|aec0a4_004ae4_204|09e924_d1b9f8_208|c92467_d75b95_212|148823_cbbdc2_216|a75d3d_61f66f_220|1f355d_1c3a5a_224|d6ca8d_f94935_228|5c13a3_6a8d7a_232|8ec206_a980cf_236|216cad_a581c2_240;;-1
6/b;ART;2;6B;4881f7_b6697a_123|e05117_ef25d4_127|59dadd_ea380d_131|15e0ed_5c5e4b_135|dfb16f_a4ae9a_139|8353bc_e6a396_143|d4b2ab_52af03_147|17aa45_1219f0_151|222a5a_1b3f06_155|9707fd_a7d042_159|ca82a9_681337_163|085f77_7152f7_167|d028e9_ed2ca5_171|3d3d0c_10a9ad_175|43a744_1257c4_179|48e2b9_e34e75_183|0e689a_12bc89_187|05af4f_a9e799_191|bb2936_e2d554_195|22c665_db3a1c_199|e614ac_104f2e_203|e48458_5a7d8f_207|748b2c_e22f96_211|0c8a28_32fdb9_215|aa922b_695b67_219|b4a57d_b0906d_223|e1a985_10591d_227|871aa9_84c06b_231|2510e4_952e14_235|08a83a_9234ae_239;;-1
6/c;ART;2;6C;b5f513_a156ce_122|d68ef5_614a99_126|2119f8_8b2eed_130|3cd22d_a93f78_134|82fb59_00875c_138|8f11c1_f99d7a_142|10f100_0e9e2c_146|b14ece_52436a_150|002e3c_265ce2_154|fbd98e_68ae49_158|e767b7_99dcf2_162|411a81_859811_166|bb24cd_fa9a89_170|7f235c_371a48_174|98857d_20c4d2_178|1fea92_c74c25_182|ca2254_47a450_186|041a8f_583f98_190|0b38a2_2e6a21_194|564405_28bb60_198|e8c1df_4b7d6a_202|61a02a_087d59_206|1f5537_b0d3c0_210|444640_f91206_214|64f30b_44a1a1_218|24376a_d1f1f8_222|47c07d_799966_226|ac3c58_892e16_230|1fb1dc_f4a409_234|ccb7ba_6ebefb_238;;-1
6/d;ART;2;6D;8af610_779579_121|f31097_f3ab86_125|4fc68f_43442f_129|5ba19d_24da1a_133|857394_777da0_137|241f34_d772c3_141|8f4adb_b778d8_145|1bec23_333c53_149|3a8a08_10f224_153|2f0ad7_4d435b_157|7158f1_34e676_161|f34e26_51f98e_165|e282ea_02de84_169|2fb6bc_5b0376_173|e224ad_23f7af_177|f5222b_285402_181|d4ac46_8f0c8f_185|8bc41e_055650_189|f66e67_85aa25_193|589be9_9f3789_197|1991ec_3dfa2d_201|c074a1_6b41d6_205|cf21e1_a089e4_209|7cc7f5_b0e6b3_213|3d6964_8e42dc_217|d5f806_bb42a3_221|cda3bd_5d3d3a_225|4185e0_eff363_229|80a26c_b117f6_233|e90e4b_4f83b9_237;;-1
6/a;PE;2;6A;ff544a_c6c299_124|0316bd_ac6928_128|6b5698_535881_132|348a32_212fcb_136|99ac34_98c870_140|d0c5dd_e0cf2c_144|83cc30_d28c0d_148|37f562_3d47f6_152|b44bc0_5729e1_156|09174e_eff763_160|7fb06b_4284c8_164|99c465_ca78e3_168|06d893_0fca32_172|b0ee4a_ae9151_176|cf211e_c6249c_180|0a0a7f_f75b1a_184|9f91d6_27f4d5_188|4d1f6d_73bad9_192|c09210_9909a9_196|fed67d_33e0cf_200|aec0a4_004ae4_204|09e924_d1b9f8_208|c92467_d75b95_212|148823_cbbdc2_216|a75d3d_61f66f_220|1f355d_1c3a5a_224|d6ca8d_f94935_228|5c13a3_6a8d7a_232|8ec206_a980cf_236|216cad_a581c2_240;;-1
6/b;PE;2;6B;4881f7_b6697a_123|e05117_ef25d4_127|59dadd_ea380d_131|15e0ed_5c5e4b_135|dfb16f_a4ae9a_139|8353bc_e6a396_143|d4b2ab_52af03_147|17aa45_1219f0_151|222a5a_1b3f06_155|9707fd_a7d042_159|ca82a9_681337_163|085f77_7152f7_167|d028e9_ed2ca5_171|3d3d0c_10a9ad_175|43a744_1257c4_179|48e2b9_e34e75_183|0e689a_12bc89_187|05af4f_a9e799_191|bb2936_e2d554_195|22c665_db3a1c_199|e614ac_104f2e_203|e48458_5a7d8f_207|748b2c_e22f96_211|0c8a28_32fdb9_215|aa922b_695b67_219|b4a57d_b0906d_223|e1a985_10591d_227|871aa9_84c06b_231|2510e4_952e14_235|08a83a_9234ae_239;;-1
6/c;PE;2;6C;b5f513_a156ce_122|d68ef5_614a99_126|2119f8_8b2eed_130|3cd22d_a93f78_134|82fb59_00875c_138|8f11c1_f99d7a_142|10f100_0e9e2c_146|b14ece_52436a_150|002e3c_265ce2_154|fbd98e_68ae49_158|e767b7_99dcf2_162|411a81_859811_166|bb24cd_fa9a89_170|7f235c_371a48_174|98857d_20c4d2_178|1fea92_c74c25_182|ca2254_47a450_186|041a8f_583f98_190|0b38a2_2e6a21_194|564405_28bb60_198|e8c1df_4b7d6a_202|61a02a_087d59_206|1f5537_b0d3c0_210|444640_f91206_214|64f30b_44a1a1_218|24376a_d1f1f8_222|47c07d_799966_226|ac3c58_892e16_230|1fb1dc_f4a409_234|ccb7ba_6ebefb_238;;-1
6/d;PE;2;6D;8af610_779579_121|f31097_f3ab86_125|4fc68f_43442f_129|5ba19d_24da1a_133|857394_777da0_137|241f34_d772c3_141|8f4adb_b778d8_145|1bec23_333c53_149|3a8a08_10f224_153|2f0ad7_4d435b_157|7158f1_34e676_161|f34e26_51f98e_165|e282ea_02de84_169|2fb6bc_5b0376_173|e224ad_23f7af_177|f5222b_285402_181|d4ac46_8f0c8f_185|8bc41e_055650_189|f66e67_85aa25_193|589be9_9f3789_197|1991ec_3dfa2d_201|c074a1_6b41d6_205|cf21e1_a089e4_209|7cc7f5_b0e6b3_213|3d6964_8e42dc_217|d5f806_bb42a3_221|cda3bd_5d3d3a_225|4185e0_eff363_229|80a26c_b117f6_233|e90e4b_4f83b9_237;;-1
6/a;CLASS;1;6A;ff544a_c6c299_124|0316bd_ac6928_128|6b5698_535881_132|348a32_212fcb_136|99ac34_98c870_140|d0c5dd_e0cf2c_144|83cc30_d28c0d_148|37f562_3d47f6_152|b44bc0_5729e1_156|09174e_eff763_160|7fb06b_4284c8_164|99c465_ca78e3_168|06d893_0fca32_172|b0ee4a_ae9151_176|cf211e_c6249c_180|0a0a7f_f75b1a_184|9f91d6_27f4d5_188|4d1f6d_73bad9_192|c09210_9909a9_196|fed67d_33e0cf_200|aec0a4_004ae4_204|09e924_d1b9f8_208|c92467_d75b95_212|148823_cbbdc2_216|a75d3d_61f66f_220|1f355d_1c3a5a_224|d6ca8d_f94935_228|5c13a3_6a8d7a_232|8ec206_a980cf_236|216cad_a581c2_240;;-1
6/b;CLASS;1;6B;4881f7_b6697a_123|e05117_ef25d4_127|59dadd_ea380d_131|15e0ed_5c5e4b_135|dfb16f_a4ae9a_139|8353bc_e6a396_143|d4b2ab_52af03_147|17aa45_1219f0_151|222a5a_1b3f06_155|9707fd_a7d042_159|ca82a9_681337_163|085f77_7152f7_167|d028e9_ed2ca5_171|3d3d0c_10a9ad_175|43a744_1257c4_179|48e2b9_e34e75_183|0e689a_12bc89_187|05af4f_a9e799_191|bb2936_e2d554_195|22c665_db3a1c_199|e614ac_104f2e_203|e48458_5a7d8f_207|748b2c_e22f96_211|0c8a28_32fdb9_215|aa922b_695b67_219|b4a57d_b0906d_223|e1a985_10591d_227|871aa9_84c06b_231|2510e4_952e14_235|08a83a_9234ae_239;;-1
6/c;CLASS;1;6C;b5f513_a156ce_122|d68ef5_614a99_126|2119f8_8b2eed_130|3cd22d_a93f78_134|82fb59_00875c_138|8f11c1_f99d7a_142|10f100_0e9e2c_146|b14ece_52436a_150|002e3c_265ce2_154|fbd98e_68ae49_158|e767b7_99dcf2_162|411a81_859811_166|bb24cd_fa9a89_170|7f235c_371a48_174|98857d_20c4d2_178|1fea92_c74c25_182|ca2254_47a450_186|041a8f_583f98_190|0b38a2_2e6a21_194|564405_28bb60_198|e8c1df_4b7d6a_202|61a02a_087d59_206|1f5537_b0d3c0_210|444640_f91206_214|64f30b_44a1a1_218|24376a_d1f1f8_222|47c07d_799966_226|ac3c58_892e16_230|1fb1dc_f4a409_234|ccb7ba_6ebefb_238;;-1
6/d;CLASS;1;6D;8af610_779579_121|f31097_f3ab86_125|4fc68f_43442f_129|5ba19d_24da1a_133|857394_777da0_137|241f34_d772c3_141|8f4adb_b778d8_145|1bec23_333c53_149|3a8a08_10f224_153|2f0ad7_4d435b_157|7158f1_34e676_161|f34e26_51f98e_165|e282ea_02de84_169|2fb6bc_5b0376_173|e224ad_23f7af_177|f5222b_285402_181|d4ac46_8f0c8f_185|8bc41e_055650_189|f66e67_85aa25_193|589be9_9f3789_197|1991ec_3dfa2d_201|c074a1_6b41d6_205|cf21e1_a089e4_209|7cc7f5_b0e6b3_213|3d6964_8e42dc_217|d5f806_bb42a3_221|cda3bd_5d3d3a_225|4185e0_eff363_229|80a26c_b117f6_233|e90e4b_4f83b9_237;;-1
6/a;OPEN_LEARNING;1;6A;ff544a_c6c299_124|0316bd_ac6928_128|6b5698_535881_132|348a32_212fcb_136|99ac34_98c870_140|d0c5dd_e0cf2c_144|83cc30_d28c0d_148|37f562_3d47f6_152|b44bc0_5729e1_156|09174e_eff763_160|7fb06b_4284c8_164|99c465_ca78e3_168|06d893_0fca32_172|b0ee4a_ae9151_176|cf211e_c6249c_180|0a0a7f_f75b1a_184|9f91d6_27f4d5_188|4d1f6d_73bad9_192|c09210_9909a9_196|fed67d_33e0cf_200|aec0a4_004ae4_204|09e924_d1b9f8_208|c92467_d75b95_212|148823_cbbdc2_216|a75d3d_61f66f_220|1f355d_1c3a5a_224|d6ca8d_f94935_228|5c13a3_6a8d7a_232|8ec206_a980cf_236|216cad_a581c2_240;;-1
6/b;OPEN_LEARNING;1;6B;4881f7_b6697a_123|e05117_ef25d4_127|59dadd_ea380d_131|15e0ed_5c5e4b_135|dfb16f_a4ae9a_139|8353bc_e6a396_143|d4b2ab_52af03_147|17aa45_1219f0_151|222a5a_1b3f06_155|9707fd_a7d042_159|ca82a9_681337_163|085f77_7152f7_167|d028e9_ed2ca5_171|3d3d0c_10a9ad_175|43a744_1257c4_179|48e2b9_e34e75_183|0e689a_12bc89_187|05af4f_a9e799_191|bb2936_e2d554_195|22c665_db3a1c_199|e614ac_104f2e_203|e48458_5a7d8f_207|748b2c_e22f96_211|0c8a28_32fdb9_215|aa922b_695b67_219|b4a57d_b0906d_223|e1a985_10591d_227|871aa9_84c06b_231|2510e4_952e14_235|08a83a_9234ae_239;;-1
6/c;OPEN_LEARNING;1;6C;b5f513_a156ce_122|d68ef5_614a99_126|2119f8_8b2eed_130|3cd22d_a93f78_134|82fb59_00875c_138|8f11c1_f99d7a_142|10f100_0e9e2c_146|b14ece_52436a_150|002e3c_265ce2_154|fbd98e_68ae49_158|e767b7_99dcf2_162|411a81_859811_166|bb24cd_fa9a89_170|7f235c_371a48_174|98857d_20c4d2_178|1fea92_c74c25_182|ca2254_47a450_186|041a8f_583f98_190|0b38a2_2e6a21_194|564405_28bb60_198|e8c1df_4b7d6a_202|61a02a_087d59_206|1f5537_b0d3c0_210|444640_f91206_214|64f30b_44a1a1_218|24376a_d1f1f8_222|47c07d_799966_226|ac3c58_892e16_230|1fb1dc_f4a409_234|ccb7ba_6ebefb_238;;-1
6/d;OPEN_LEARNING;1;6D;8af610_779579_121|f31097_f3ab86_125|4fc68f_43442f_129|5ba19d_24da1a_133|857394_777da0_137|241f34_d772c3_141|8f4adb_b778d8_145|1bec23_333c53_149|3a8a08_10f224_153|2f0ad7_4d435b_157|7158f1_34e676_161|f34e26_51f98e_165|e282ea_02de84_169|2fb6bc_5b0376_173|e224ad_23f7af_177|f5222b_285402_181|d4ac46_8f0c8f_185|8bc41e_055650_189|f66e67_85aa25_193|589be9_9f3789_197|1991ec_3dfa2d_201|c074a1_6b41d6_205|cf21e1_a089e4_209|7cc7f5_b0e6b3_213|3d6964_8e42dc_217|d5f806_bb42a3_221|cda3bd_5d3d3a_225|4185e0_eff363_229|80a26c_b117f6_233|e90e4b_4f83b9_237;;-1
6/a+b+c+d/pe;ES_PE;4;6A|6B|6C|6D;3d6964_8e42dc_217|f66e67_85aa25_193|e282ea_02de84_169|8f4adb_b778d8_145|8af610_779579_121|64f30b_44a1a1_218|0b38a2_2e6a21_194|bb24cd_fa9a89_170|10f100_0e9e2c_146|b5f513_a156ce_122|aa922b_695b67_219|bb2936_e2d554_195|d028e9_ed2ca5_171|d4b2ab_52af03_147|4881f7_b6697a_123|a75d3d_61f66f_220|c09210_9909a9_196|06d893_0fca32_172|83cc30_d28c0d_148|ff544a_c6c299_124;;-1
6/a+b+c+d/art;ES_ART;4;6A|6B|6C|6D;cda3bd_5d3d3a_225|1991ec_3dfa2d_201|e224ad_23f7af_177|3a8a08_10f224_153|4fc68f_43442f_129|47c07d_799966_226|e8c1df_4b7d6a_202|98857d_20c4d2_178|002e3c_265ce2_154|2119f8_8b2eed_130|e1a985_10591d_227|e614ac_104f2e_203|43a744_1257c4_179|222a5a_1b3f06_155|59dadd_ea380d_131|d6ca8d_f94935_228|aec0a4_004ae4_204|cf211e_c6249c_180|b44bc0_5729e1_156|6b5698_535881_132;;-1
6/a+b+c+d/eco;ES_ECOLOGY;4;6A|6B|6C|6D;80a26c_b117f6_233|cf21e1_a089e4_209|d4ac46_8f0c8f_185|7158f1_34e676_161|857394_777da0_137|1fb1dc_f4a409_234|1f5537_b0d3c0_210|ca2254_47a450_186|e767b7_99dcf2_162|82fb59_00875c_138|2510e4_952e14_235|748b2c_e22f96_211|0e689a_12bc89_187|ca82a9_681337_163|dfb16f_a4ae9a_139|8ec206_a980cf_236|c92467_d75b95_212|9f91d6_27f4d5_188|7fb06b_4284c8_164|99ac34_98c870_140;;-1
6/a+b+c+d/cut;ES_COMPUTER_SCIENCE;4;6A|6B|6C|6D;e90e4b_4f83b9_237|7cc7f5_b0e6b3_213|8bc41e_055650_189|f34e26_51f98e_165|241f34_d772c3_141|ccb7ba_6ebefb_238|444640_f91206_214|041a8f_583f98_190|411a81_859811_166|8f11c1_f99d7a_142|08a83a_9234ae_239|0c8a28_32fdb9_215|05af4f_a9e799_191|085f77_7152f7_167|8353bc_e6a396_143|216cad_a581c2_240|148823_cbbdc2_216|4d1f6d_73bad9_192|99c465_ca78e3_168|d0c5dd_e0cf2c_144;;-1
6/a+b+c+d/fre;ES_FRENCH;4;6A|6B|6C|6D;4185e0_eff363_229|c074a1_6b41d6_205|f5222b_285402_181|2f0ad7_4d435b_157|5ba19d_24da1a_133|ac3c58_892e16_230|61a02a_087d59_206|1fea92_c74c25_182|fbd98e_68ae49_158|3cd22d_a93f78_134|871aa9_84c06b_231|e48458_5a7d8f_207|48e2b9_e34e75_183|9707fd_a7d042_159|15e0ed_5c5e4b_135|5c13a3_6a8d7a_232|09e924_d1b9f8_208|0a0a7f_f75b1a_184|09174e_eff763_160|348a32_212fcb_136;;-1
6/a+b+c+d/work;ES_WORK_THEORY;4;6A|6B|6C|6D;d5f806_bb42a3_221|589be9_9f3789_197|2fb6bc_5b0376_173|1bec23_333c53_149|f31097_f3ab86_125|24376a_d1f1f8_222|564405_28bb60_198|7f235c_371a48_174|b14ece_52436a_150|d68ef5_614a99_126|b4a57d_b0906d_223|22c665_db3a1c_199|3d3d0c_10a9ad_175|17aa45_1219f0_151|e05117_ef25d4_127|1f355d_1c3a5a_224|fed67d_33e0cf_200|b0ee4a_ae9151_176|37f562_3d47f6_152|0316bd_ac6928_128;;-1
7/a+c/REL/KA;RELIGION_CA;2;7A|7C;516e3a_f72cd3_244|f077d5_c69926_256|bb56ad_ed3a69_268|ea0e05_3d134a_280|f7eb00_45c651_292|014356_02c522_304|5cfbd2_7d7931_316|76c547_f432c4_328|f99631_8a7f6b_340|984876_40bf04_352|510853_72aa91_242|20a276_cf8bf1_254|0ef8d8_ab9b3d_266|e6e8ae_e6e16e_278|1a8d63_f452f2_290|8876d5_dd3416_302|295865_8cb6ac_314|ae486c_a2cb50_326|8c3adb_6feea0_338|3c9f6a_139db2_350;;-1
7/a+c/REL/ET;RELIGION_ET;2;7A|7C;9e0ac4_0a3b6f_248|6a7f12_5d9439_260|dc8972_a42cc0_272|482e8b_1b46a6_284|8b75b5_fea0e6_296|938a18_0764e3_308|d0fccc_5e710d_320|fe48b7_78059c_332|0f6063_8c5a2e_344|a6e3ee_66a51b_356|06c1d2_76f981_246|caea12_578d9b_258|66645d_495e98_270|9e3d2c_4a3b62_282|8fe1db_1025a4_294|e9839b_57692f_306|894a87_47b0af_318|204272_0ecc95_330|39c27a_a77a41_342|b9647f_ba03a1_354;;-1
7/a+c/REL/EV;RELIGION_EV;2;7A|7C;ac5de6_1ff381_252|2d0feb_e59f04_264|deb912_93ff6d_276|67c196_09a0ab_288|616cd7_98e773_300|dbbf6f_59b4b4_312|f279e9_69211b_324|6f9c2e_b05cf0_336|9d4951_f0f3e4_348|832629_d8aa5a_360|dd28c1_56338a_250|def34d_0656d3_262|c04381_92e42b_274|94429a_d0aae9_286|2056dd_fa6159_298|8297ba_f651c3_310|3af4e2_edd562_322|b3a92e_548e83_334|fbaea9_cad9f0_346|18ae0e_1b3cb3_358;;-1
7/b+d/REL/KA;RELIGION_CA;2;7B|7D;099c17_6cad1e_251|105e95_757b77_263|8420a8_80cd58_275|5d172e_c9ff13_287|b0b21d_7657a8_299|4462cc_ff854b_311|b1b468_8c8524_323|41709e_47cba6_335|761ea9_408bd5_347|4acd78_2cee1b_359|cbe4c2_b1dda2_249|ff5334_ab401f_261|45cb85_f04bed_273|16f3a2_3f3b89_285|f335f6_36adc3_297|1418bb_67484f_309|b089e1_ffae9e_321|a199e5_ba39d1_333|354fe1_26887d_345|b9a8a9_5c2e5e_357;;-1
7/b+d/REL/ET;RELIGION_ET;2;7B|7D;a8967b_95c008_247|0a1975_ed60f4_259|5c3364_0dc733_271|85c00a_c0fdbe_283|3a881d_80de4a_295|9a0cb3_2e3533_307|ad80a3_2f7239_319|990402_4a28da_331|5d55bf_c1d184_343|36c0ec_134d31_355|9f3c7d_75e448_245|ca7115_cd42a6_257|7bd716_0a7c46_269|4ba0b4_ca3943_281|d9a161_4a6d51_293|ce8266_7dc7b4_305|8308f9_fd5d04_317|11e926_a313ca_329|7a855e_f87391_341|bd3852_c47b11_353;;-1
7/b+d/REL/EV;RELIGION_EV;2;7B|7D;733423_307157_243|e5304d_3ac2c4_255|29966e_287f4b_267|1972aa_efa50e_279|c6c910_01a78f_291|cd2f0c_6660d3_303|2c59ed_bdc777_315|9d8807_aaa73c_327|6b5136_4ae785_339|be3352_88599a_351|7f4710_2f7672_241|7bb899_f4511d_253|cc9788_d47550_265|12bf1f_27a024_277|a0de88_7c86ee_289|4bede8_b95e4a_301|3fb0ed_ae19ae_313|e699a1_c1c715_325|3adc76_f55652_337|0a0a1f_29d449_349;;-1
7/a+c/DEU/GK;GERMAN;4;7A|7C;516e3a_f72cd3_244|f077d5_c69926_256|bb56ad_ed3a69_268|ea0e05_3d134a_280|f7eb00_45c651_292|014356_02c522_304|5cfbd2_7d7931_316|76c547_f432c4_328|f99631_8a7f6b_340|984876_40bf04_352|510853_72aa91_242|20a276_cf8bf1_254|0ef8d8_ab9b3d_266|e6e8ae_e6e16e_278|1a8d63_f452f2_290|8876d5_dd3416_302|295865_8cb6ac_314|ae486c_a2cb50_326|8c3adb_6feea0_338|3c9f6a_139db2_350;;-1
7/a+c/DEU/E1;GERMAN;4;7A|7C;9e0ac4_0a3b6f_248|6a7f12_5d9439_260|dc8972_a42cc0_272|482e8b_1b46a6_284|8b75b5_fea0e6_296|938a18_0764e3_308|d0fccc_5e710d_320|fe48b7_78059c_332|0f6063_8c5a2e_344|a6e3ee_66a51b_356|06c1d2_76f981_246|caea12_578d9b_258|66645d_495e98_270|9e3d2c_4a3b62_282|8fe1db_1025a4_294|e9839b_57692f_306|894a87_47b0af_318|204272_0ecc95_330|39c27a_a77a41_342|b9647f_ba03a1_354;;-1
7/a+c/DEU/E2;GERMAN;4;7A|7C;ac5de6_1ff381_252|2d0feb_e59f04_264|deb912_93ff6d_276|67c196_09a0ab_288|616cd7_98e773_300|dbbf6f_59b4b4_312|f279e9_69211b_324|6f9c2e_b05cf0_336|9d4951_f0f3e4_348|832629_d8aa5a_360|dd28c1_56338a_250|def34d_0656d3_262|c04381_92e42b_274|94429a_d0aae9_286|2056dd_fa6159_298|8297ba_f651c3_310|3af4e2_edd562_322|b3a92e_548e83_334|fbaea9_cad9f0_346|18ae0e_1b3cb3_358;;-1
7/b+d/DEU/GK;GERMAN;4;7B|7D;099c17_6cad1e_251|105e95_757b77_263|8420a8_80cd58_275|5d172e_c9ff13_287|b0b21d_7657a8_299|4462cc_ff854b_311|b1b468_8c8524_323|41709e_47cba6_335|761ea9_408bd5_347|4acd78_2cee1b_359|cbe4c2_b1dda2_249|ff5334_ab401f_261|45cb85_f04bed_273|16f3a2_3f3b89_285|f335f6_36adc3_297|1418bb_67484f_309|b089e1_ffae9e_321|a199e5_ba39d1_333|354fe1_26887d_345|b9a8a9_5c2e5e_357;;-1
7/b+d/DEU/E1;GERMAN;4;7B|7D;733423_307157_243|e5304d_3ac2c4_255|29966e_287f4b_267|1972aa_efa50e_279|c6c910_01a78f_291|cd2f0c_6660d3_303|2c59ed_bdc777_315|9d8807_aaa73c_327|6b5136_4ae785_339|be3352_88599a_351|7f4710_2f7672_241|7bb899_f4511d_253|cc9788_d47550_265|12bf1f_27a024_277|a0de88_7c86ee_289|4bede8_b95e4a_301|3fb0ed_ae19ae_313|e699a1_c1c715_325|3adc76_f55652_337|0a0a1f_29d449_349;;-1
7/b+d/DEU/E2;GERMAN;4;7B|7D;a8967b_95c008_247|0a1975_ed60f4_259|5c3364_0dc733_271|85c00a_c0fdbe_283|3a881d_80de4a_295|9a0cb3_2e3533_307|ad80a3_2f7239_319|990402_4a28da_331|5d55bf_c1d184_343|36c0ec_134d31_355|9f3c7d_75e448_245|ca7115_cd42a6_257|7bd716_0a7c46_269|4ba0b4_ca3943_281|d9a161_4a6d51_293|ce8266_7dc7b4_305|8308f9_fd5d04_317|11e926_a313ca_329|7a855e_f87391_341|bd3852_c47b11_353;;-1
7/a+c/ENG/GK;ENGLISH;4;7A|7C;3c9f6a_139db2_350|8c3adb_6feea0_338|ae486c_a2cb50_326|295865_8cb6ac_314|8876d5_dd3416_302|1a8d63_f452f2_290|e6e8ae_e6e16e_278|0ef8d8_ab9b3d_266|20a276_cf8bf1_254|510853_72aa91_242|984876_40bf04_352|f99631_8a7f6b_340|76c547_f432c4_328|5cfbd2_7d7931_316|014356_02c522_304|f7eb00_45c651_292|ea0e05_3d134a_280|bb56ad_ed3a69_268|f077d5_c69926_256|516e3a_f72cd3_244;;-1
7/a+c/ENG/E1;ENGLISH;4;7A|7C;b9647f_ba03a1_354|39c27a_a77a41_342|204272_0ecc95_330|894a87_47b0af_318|e9839b_57692f_306|8fe1db_1025a4_294|9e3d2c_4a3b62_282|66645d_495e98_270|caea12_578d9b_258|06c1d2_76f981_246|a6e3ee_66a51b_356|0f6063_8c5a2e_344|fe48b7_78059c_332|d0fccc_5e710d_320|938a18_0764e3_308|8b75b5_fea0e6_296|482e8b_1b46a6_284|dc8972_a42cc0_272|6a7f12_5d9439_260|9e0ac4_0a3b6f_248;;-1
7/a+c/ENG/E2;ENGLISH;4;7A|7C;18ae0e_1b3cb3_358|fbaea9_cad9f0_346|b3a92e_548e83_334|3af4e2_edd562_322|8297ba_f651c3_310|2056dd_fa6159_298|94429a_d0aae9_286|c04381_92e42b_274|def34d_0656d3_262|dd28c1_56338a_250|832629_d8aa5a_360|9d4951_f0f3e4_348|6f9c2e_b05cf0_336|f279e9_69211b_324|dbbf6f_59b4b4_312|616cd7_98e773_300|67c196_09a0ab_288|deb912_93ff6d_276|2d0feb_e59f04_264|ac5de6_1ff381_252;;-1
7/b+d/ENG/GK;ENGLISH;4;7B|7D;0a0a1f_29d449_349|3adc76_f55652_337|e699a1_c1c715_325|3fb0ed_ae19ae_313|4bede8_b95e4a_301|a0de88_7c86ee_289|12bf1f_27a024_277|cc9788_d47550_265|7bb899_f4511d_253|7f4710_2f7672_241|be3352_88599a_351|6b5136_4ae785_339|9d8807_aaa73c_327|2c59ed_bdc777_315|cd2f0c_6660d3_303|c6c910_01a78f_291|1972aa_efa50e_279|29966e_287f4b_267|e5304d_3ac2c4_255|733423_307157_243;;-1
7/b+d/ENG/E1;ENGLISH;4;7B|7D;b9a8a9_5c2e5e_357|354fe1_26887d_345|a199e5_ba39d1_333|b089e1_ffae9e_321|1418bb_67484f_309|f335f6_36adc3_297|16f3a2_3f3b89_285|45cb85_f04bed_273|ff5334_ab401f_261|cbe4c2_b1dda2_249|4acd78_2cee1b_359|761ea9_408bd5_347|41709e_47cba6_335|b1b468_8c8524_323|4462cc_ff854b_311|b0b21d_7657a8_299|5d172e_c9ff13_287|8420a8_80cd58_275|105e95_757b77_263|099c17_6cad1e_251;;-1
7/b+d/ENG/E2;ENGLISH;4;7B|7D;bd3852_c47b11_353|7a855e_f87391_341|11e926_a313ca_329|8308f9_fd5d04_317|ce8266_7dc7b4_305|d9a161_4a6d51_293|4ba0b4_ca3943_281|7bd716_0a7c46_269|ca7115_cd42a6_257|9f3c7d_75e448_245|36c0ec_134d31_355|5d55bf_c1d184_343|990402_4a28da_331|ad80a3_2f7239_319|9a0cb3_2e3533_307|3a881d_80de4a_295|85c00a_c0fdbe_283|5c3364_0dc733_271|0a1975_ed60f4_259|a8967b_95c008_247;;-1
7/a+c/MAT/GK;MATHS;4;7A|7C;3c9f6a_139db2_350|8c3adb_6feea0_338|ae486c_a2cb50_326|295865_8cb6ac_314|8876d5_dd3416_302|1a8d63_f452f2_290|e6e8ae_e6e16e_278|0ef8d8_ab9b3d_266|20a276_cf8bf1_254|510853_72aa91_242|984876_40bf04_352|f99631_8a7f6b_340|76c547_f432c4_328|5cfbd2_7d7931_316|014356_02c522_304|f7eb00_45c651_292|ea0e05_3d134a_280|bb56ad_ed3a69_268|f077d5_c69926_256|516e3a_f72cd3_244;;-1
7/a+c/MAT/E1;MATHS;4;7A|7C;b9647f_ba03a1_354|39c27a_a77a41_342|204272_0ecc95_330|894a87_47b0af_318|e9839b_57692f_306|8fe1db_1025a4_294|9e3d2c_4a3b62_282|66645d_495e98_270|caea12_578d9b_258|06c1d2_76f981_246|a6e3ee_66a51b_356|0f6063_8c5a2e_344|fe48b7_78059c_332|d0fccc_5e710d_320|938a18_0764e3_308|8b75b5_fea0e6_296|482e8b_1b46a6_284|dc8972_a42cc0_272|6a7f12_5d9439_260|9e0ac4_0a3b6f_248;;-1
7/a+c/MAT/E2;MATHS;4;7A|7C;18ae0e_1b3cb3_358|fbaea9_cad9f0_346|b3a92e_548e83_334|3af4e2_edd562_322|8297ba_f651c3_310|2056dd_fa6159_298|94429a_d0aae9_286|c04381_92e42b_274|def34d_0656d3_262|dd28c1_56338a_250|832629_d8aa5a_360|9d4951_f0f3e4_348|6f9c2e_b05cf0_336|f279e9_69211b_324|dbbf6f_59b4b4_312|616cd7_98e773_300|67c196_09a0ab_288|deb912_93ff6d_276|2d0feb_e59f04_264|ac5de6_1ff381_252;;-1
7/b+d/MAT/GK;MATHS;4;7B|7D;0a0a1f_29d449_349|3adc76_f55652_337|e699a1_c1c715_325|3fb0ed_ae19ae_313|4bede8_b95e4a_301|a0de88_7c86ee_289|12bf1f_27a024_277|cc9788_d47550_265|7bb899_f4511d_253|7f4710_2f7672_241|be3352_88599a_351|6b5136_4ae785_339|9d8807_aaa73c_327|2c59ed_bdc777_315|cd2f0c_6660d3_303|c6c910_01a78f_291|1972aa_efa50e_279|29966e_287f4b_267|e5304d_3ac2c4_255|733423_307157_243;;-1
7/b+d/MAT/E1;MATHS;4;7B|7D;bd3852_c47b11_353|7a855e_f87391_341|11e926_a313ca_329|8308f9_fd5d04_317|ce8266_7dc7b4_305|d9a161_4a6d51_293|4ba0b4_ca3943_281|7bd716_0a7c46_269|ca7115_cd42a6_257|9f3c7d_75e448_245|36c0ec_134d31_355|5d55bf_c1d184_343|990402_4a28da_331|ad80a3_2f7239_319|9a0cb3_2e3533_307|3a881d_80de4a_295|85c00a_c0fdbe_283|5c3364_0dc733_271|0a1975_ed60f4_259|a8967b_95c008_247;;-1
7/b+d/MAT/E2;MATHS;4;7B|7D;b9a8a9_5c2e5e_357|354fe1_26887d_345|a199e5_ba39d1_333|b089e1_ffae9e_321|1418bb_67484f_309|f335f6_36adc3_297|16f3a2_3f3b89_285|45cb85_f04bed_273|ff5334_ab401f_261|cbe4c2_b1dda2_249|4acd78_2cee1b_359|761ea9_408bd5_347|41709e_47cba6_335|b1b468_8c8524_323|4462cc_ff854b_311|b0b21d_7657a8_299|5d172e_c9ff13_287|8420a8_80cd58_275|105e95_757b77_263|099c17_6cad1e_251;;-1
7/a/1;COOKING;2;7A;9e0ac4_0a3b6f_248|f077d5_c69926_256|2d0feb_e59f04_264|dc8972_a42cc0_272|ea0e05_3d134a_280|67c196_09a0ab_288|8b75b5_fea0e6_296|014356_02c522_304|dbbf6f_59b4b4_312|d0fccc_5e710d_320|76c547_f432c4_328|6f9c2e_b05cf0_336|0f6063_8c5a2e_344|984876_40bf04_352|832629_d8aa5a_360;;-1
7/a/2;WORK;2;7A;516e3a_f72cd3_244|ac5de6_1ff381_252|6a7f12_5d9439_260|bb56ad_ed3a69_268|deb912_93ff6d_276|482e8b_1b46a6_284|f7eb00_45c651_292|616cd7_98e773_300|938a18_0764e3_308|5cfbd2_7d7931_316|f279e9_69211b_324|fe48b7_78059c_332|f99631_8a7f6b_340|9d4951_f0f3e4_348|a6e3ee_66a51b_356;;-1
7/b/1;COOKING;2;7B;a8967b_95c008_247|e5304d_3ac2c4_255|105e95_757b77_263|5c3364_0dc733_271|1972aa_efa50e_279|5d172e_c9ff13_287|3a881d_80de4a_295|cd2f0c_6660d3_303|4462cc_ff854b_311|ad80a3_2f7239_319|9d8807_aaa73c_327|41709e_47cba6_335|5d55bf_c1d184_343|be3352_88599a_351|4acd78_2cee1b_359;;-1
7/b/2;WORK;2;7B;733423_307157_243|099c17_6cad1e_251|0a1975_ed60f4_259|29966e_287f4b_267|8420a8_80cd58_275|85c00a_c0fdbe_283|c6c910_01a78f_291|b0b21d_7657a8_299|9a0cb3_2e3533_307|2c59ed_bdc777_315|b1b468_8c8524_323|990402_4a28da_331|6b5136_4ae785_339|761ea9_408bd5_347|36c0ec_134d31_355;;-1
7/c/1;COOKING;2;7C;510853_72aa91_242|dd28c1_56338a_250|caea12_578d9b_258|0ef8d8_ab9b3d_266|c04381_92e42b_274|9e3d2c_4a3b62_282|1a8d63_f452f2_290|2056dd_fa6159_298|e9839b_57692f_306|295865_8cb6ac_314|3af4e2_edd562_322|204272_0ecc95_330|8c3adb_6feea0_338|fbaea9_cad9f0_346|b9647f_ba03a1_354;;-1
7/c/2;WORK;2;7C;06c1d2_76f981_246|20a276_cf8bf1_254|def34d_0656d3_262|66645d_495e98_270|e6e8ae_e6e16e_278|94429a_d0aae9_286|8fe1db_1025a4_294|8876d5_dd3416_302|8297ba_f651c3_310|894a87_47b0af_318|ae486c_a2cb50_326|b3a92e_548e83_334|39c27a_a77a41_342|3c9f6a_139db2_350|18ae0e_1b3cb3_358;;-1
7/d/1;COOKING;2;7D;9f3c7d_75e448_245|7bb899_f4511d_253|ff5334_ab401f_261|7bd716_0a7c46_269|12bf1f_27a024_277|16f3a2_3f3b89_285|d9a161_4a6d51_293|4bede8_b95e4a_301|1418bb_67484f_309|8308f9_fd5d04_317|e699a1_c1c715_325|a199e5_ba39d1_333|7a855e_f87391_341|0a0a1f_29d449_349|b9a8a9_5c2e5e_357;;-1
7/d/2;WORK;2;7D;7f4710_2f7672_241|cbe4c2_b1dda2_249|ca7115_cd42a6_257|cc9788_d47550_265|45cb85_f04bed_273|4ba0b4_ca3943_281|a0de88_7c86ee_289|f335f6_36adc3_297|ce8266_7dc7b4_305|3fb0ed_ae19ae_313|b089e1_ffae9e_321|11e926_a313ca_329|3adc76_f55652_337|354fe1_26887d_345|bd3852_c47b11_353;;-1
7/a;SOCIETY_SCIENCE;2;7A;516e3a_f72cd3_244|9e0ac4_0a3b6f_248|ac5de6_1ff381_252|f077d5_c69926_256|6a7f12_5d9439_260|2d0feb_e59f04_264|bb56ad_ed3a69_268|dc8972_a42cc0_272|deb912_93ff6d_276|ea0e05_3d134a_280|482e8b_1b46a6_284|67c196_09a0ab_288|f7eb00_45c651_292|8b75b5_fea0e6_296|616cd7_98e773_300|014356_02c522_304|938a18_0764e3_308|dbbf6f_59b4b4_312|5cfbd2_7d7931_316|d0fccc_5e710d_320|f279e9_69211b_324|76c547_f432c4_328|fe48b7_78059c_332|6f9c2e_b05cf0_336|f99631_8a7f6b_340|0f6063_8c5a2e_344|9d4951_f0f3e4_348|984876_40bf04_352|a6e3ee_66a51b_356|832629_d8aa5a_360;;-1
7/b;SOCIETY_SCIENCE;2;7B;733423_307157_243|a8967b_95c008_247|099c17_6cad1e_251|e5304d_3ac2c4_255|0a1975_ed60f4_259|105e95_757b77_263|29966e_287f4b_267|5c3364_0dc733_271|8420a8_80cd58_275|1972aa_efa50e_279|85c00a_c0fdbe_283|5d172e_c9ff13_287|c6c910_01a78f_291|3a881d_80de4a_295|b0b21d_7657a8_299|cd2f0c_6660d3_303|9a0cb3_2e3533_307|4462cc_ff854b_311|2c59ed_bdc777_315|ad80a3_2f7239_319|b1b468_8c8524_323|9d8807_aaa73c_327|990402_4a28da_331|41709e_47cba6_335|6b5136_4ae785_339|5d55bf_c1d184_343|761ea9_408bd5_347|be3352_88599a_351|36c0ec_134d31_355|4acd78_2cee1b_359;;-1
7/c;SOCIETY_SCIENCE;2;7C;510853_72aa91_242|06c1d2_76f981_246|dd28c1_56338a_250|20a276_cf8bf1_254|caea12_578d9b_258|def34d_0656d3_262|0ef8d8_ab9b3d_266|66645d_495e98_270|c04381_92e42b_274|e6e8ae_e6e16e_278|9e3d2c_4a3b62_282|94429a_d0aae9_286|1a8d63_f452f2_290|8fe1db_1025a4_294|2056dd_fa6159_298|8876d5_dd3416_302|e9839b_57692f_306|8297ba_f651c3_310|295865_8cb6ac_314|894a87_47b0af_318|3af4e2_edd562_322|ae486c_a2cb50_326|204272_0ecc95_330|b3a92e_548e83_334|8c3adb_6feea0_338|39c27a_a77a41_342|fbaea9_cad9f0_346|3c9f6a_139db2_350|b9647f_ba03a1_354|18ae0e_1b3cb3_358;;-1
7/d;SOCIETY_SCIENCE;2;7D;7f4710_2f7672_241|9f3c7d_75e448_245|cbe4c2_b1dda2_249|7bb899_f4511d_253|ca7115_cd42a6_257|ff5334_ab401f_261|cc9788_d47550_265|7bd716_0a7c46_269|45cb85_f04bed_273|12bf1f_27a024_277|4ba0b4_ca3943_281|16f3a2_3f3b89_285|a0de88_7c86ee_289|d9a161_4a6d51_293|f335f6_36adc3_297|4bede8_b95e4a_301|ce8266_7dc7b4_305|1418bb_67484f_309|3fb0ed_ae19ae_313|8308f9_fd5d04_317|b089e1_ffae9e_321|e699a1_c1c715_325|11e926_a313ca_329|a199e5_ba39d1_333|3adc76_f55652_337|7a855e_f87391_341|354fe1_26887d_345|0a0a1f_29d449_349|bd3852_c47b11_353|b9a8a9_5c2e5e_357;;-1
7/a;BIOLOGY;2;7A;516e3a_f72cd3_244|9e0ac4_0a3b6f_248|ac5de6_1ff381_252|f077d5_c69926_256|6a7f12_5d9439_260|2d0feb_e59f04_264|bb56ad_ed3a69_268|dc8972_a42cc0_272|deb912_93ff6d_276|ea0e05_3d134a_280|482e8b_1b46a6_284|67c196_09a0ab_288|f7eb00_45c651_292|8b75b5_fea0e6_296|616cd7_98e773_300|014356_02c522_304|938a18_0764e3_308|dbbf6f_59b4b4_312|5cfbd2_7d7931_316|d0fccc_5e710d_320|f279e9_69211b_324|76c547_f432c4_328|fe48b7_78059c_332|6f9c2e_b05cf0_336|f99631_8a7f6b_340|0f6063_8c5a2e_344|9d4951_f0f3e4_348|984876_40bf04_352|a6e3ee_66a51b_356|832629_d8aa5a_360;;-1
7/b;BIOLOGY;2;7B;733423_307157_243|a8967b_95c008_247|099c17_6cad1e_251|e5304d_3ac2c4_255|0a1975_ed60f4_259|105e95_757b77_263|29966e_287f4b_267|5c3364_0dc733_271|8420a8_80cd58_275|1972aa_efa50e_279|85c00a_c0fdbe_283|5d172e_c9ff13_287|c6c910_01a78f_291|3a881d_80de4a_295|b0b21d_7657a8_299|cd2f0c_6660d3_303|9a0cb3_2e3533_307|4462cc_ff854b_311|2c59ed_bdc777_315|ad80a3_2f7239_319|b1b468_8c8524_323|9d8807_aaa73c_327|990402_4a28da_331|41709e_47cba6_335|6b5136_4ae785_339|5d55bf_c1d184_343|761ea9_408bd5_347|be3352_88599a_351|36c0ec_134d31_355|4acd78_2cee1b_359;;-1
7/c;BIOLOGY;2;7C;510853_72aa91_242|06c1d2_76f981_246|dd28c1_56338a_250|20a276_cf8bf1_254|caea12_578d9b_258|def34d_0656d3_262|0ef8d8_ab9b3d_266|66645d_495e98_270|c04381_92e42b_274|e6e8ae_e6e16e_278|9e3d2c_4a3b62_282|94429a_d0aae9_286|1a8d63_f452f2_290|8fe1db_1025a4_294|2056dd_fa6159_298|8876d5_dd3416_302|e9839b_57692f_306|8297ba_f651c3_310|295865_8cb6ac_314|894a87_47b0af_318|3af4e2_edd562_322|ae486c_a2cb50_326|204272_0ecc95_330|b3a92e_548e83_334|8c3adb_6feea0_338|39c27a_a77a41_342|fbaea9_cad9f0_346|3c9f6a_139db2_350|b9647f_ba03a1_354|18ae0e_1b3cb3_358;;-1
7/d;BIOLOGY;2;7D;7f4710_2f7672_241|9f3c7d_75e448_245|cbe4c2_b1dda2_249|7bb899_f4511d_253|ca7115_cd42a6_257|ff5334_ab401f_261|cc9788_d47550_265|7bd716_0a7c46_269|45cb85_f04bed_273|12bf1f_27a024_277|4ba0b4_ca3943_281|16f3a2_3f3b89_285|a0de88_7c86ee_289|d9a161_4a6d51_293|f335f6_36adc3_297|4bede8_b95e4a_301|ce8266_7dc7b4_305|1418bb_67484f_309|3fb0ed_ae19ae_313|8308f9_fd5d04_317|b089e1_ffae9e_321|e699a1_c1c715_325|11e926_a313ca_329|a199e5_ba39d1_333|3adc76_f55652_337|7a855e_f87391_341|354fe1_26887d_345|0a0a1f_29d449_349|bd3852_c47b11_353|b9a8a9_5c2e5e_357;;-1
7/a;MUSIC;2;7A;516e3a_f72cd3_244|9e0ac4_0a3b6f_248|ac5de6_1ff381_252|f077d5_c69926_256|6a7f12_5d9439_260|2d0feb_e59f04_264|bb56ad_ed3a69_268|dc8972_a42cc0_272|deb912_93ff6d_276|ea0e05_3d134a_280|482e8b_1b46a6_284|67c196_09a0ab_288|f7eb00_45c651_292|8b75b5_fea0e6_296|616cd7_98e773_300|014356_02c522_304|938a18_0764e3_308|dbbf6f_59b4b4_312|5cfbd2_7d7931_316|d0fccc_5e710d_320|f279e9_69211b_324|76c547_f432c4_328|fe48b7_78059c_332|6f9c2e_b05cf0_336|f99631_8a7f6b_340|0f6063_8c5a2e_344|9d4951_f0f3e4_348|984876_40bf04_352|a6e3ee_66a51b_356|832629_d8aa5a_360;;-1
7/b;MUSIC;2;7B;733423_307157_243|a8967b_95c008_247|099c17_6cad1e_251|e5304d_3ac2c4_255|0a1975_ed60f4_259|105e95_757b77_263|29966e_287f4b_267|5c3364_0dc733_271|8420a8_80cd58_275|1972aa_efa50e_279|85c00a_c0fdbe_283|5d172e_c9ff13_287|c6c910_01a78f_291|3a881d_80de4a_295|b0b21d_7657a8_299|cd2f0c_6660d3_303|9a0cb3_2e3533_307|4462cc_ff854b_311|2c59ed_bdc777_315|ad80a3_2f7239_319|b1b468_8c8524_323|9d8807_aaa73c_327|990402_4a28da_331|41709e_47cba6_335|6b5136_4ae785_339|5d55bf_c1d184_343|761ea9_408bd5_347|be3352_88599a_351|36c0ec_134d31_355|4acd78_2cee1b_359;;-1
7/c;MUSIC;2;7C;510853_72aa91_242|06c1d2_76f981_246|dd28c1_56338a_250|20a276_cf8bf1_254|caea12_578d9b_258|def34d_0656d3_262|0ef8d8_ab9b3d_266|66645d_495e98_270|c04381_92e42b_274|e6e8ae_e6e16e_278|9e3d2c_4a3b62_282|94429a_d0aae9_286|1a8d63_f452f2_290|8fe1db_1025a4_294|2056dd_fa6159_298|8876d5_dd3416_302|e9839b_57692f_306|8297ba_f651c3_310|295865_8cb6ac_314|894a87_47b0af_318|3af4e2_edd562_322|ae486c_a2cb50_326|204272_0ecc95_330|b3a92e_548e83_334|8c3adb_6feea0_338|39c27a_a77a41_342|fbaea9_cad9f0_346|3c9f6a_139db2_350|b9647f_ba03a1_354|18ae0e_1b3cb3_358;;-1
7/d;MUSIC;2;7D;7f4710_2f7672_241|9f3c7d_75e448_245|cbe4c2_b1dda2_249|7bb899_f4511d_253|ca7115_cd42a6_257|ff5334_ab401f_261|cc9788_d47550_265|7bd716_0a7c46_269|45cb85_f04bed_273|12bf1f_27a024_277|4ba0b4_ca3943_281|16f3a2_3f3b89_285|a0de88_7c86ee_289|d9a161_4a6d51_293|f335f6_36adc3_297|4bede8_b95e4a_301|ce8266_7dc7b4_305|1418bb_67484f_309|3fb0ed_ae19ae_313|8308f9_fd5d04_317|b089e1_ffae9e_321|e699a1_c1c715_325|11e926_a313ca_329|a199e5_ba39d1_333|3adc76_f55652_337|7a855e_f87391_341|354fe1_26887d_345|0a0a1f_29d449_349|bd3852_c47b11_353|b9a8a9_5c2e5e_357;;-1
7/a;PE;3;7A;516e3a_f72cd3_244|9e0ac4_0a3b6f_248|ac5de6_1ff381_252|f077d5_c69926_256|6a7f12_5d9439_260|2d0feb_e59f04_264|bb56ad_ed3a69_268|dc8972_a42cc0_272|deb912_93ff6d_276|ea0e05_3d134a_280|482e8b_1b46a6_284|67c196_09a0ab_288|f7eb00_45c651_292|8b75b5_fea0e6_296|616cd7_98e773_300|014356_02c522_304|938a18_0764e3_308|dbbf6f_59b4b4_312|5cfbd2_7d7931_316|d0fccc_5e710d_320|f279e9_69211b_324|76c547_f432c4_328|fe48b7_78059c_332|6f9c2e_b05cf0_336|f99631_8a7f6b_340|0f6063_8c5a2e_344|9d4951_f0f3e4_348|984876_40bf04_352|a6e3ee_66a51b_356|832629_d8aa5a_360;;-1
7/b;PE;3;7B;733423_307157_243|a8967b_95c008_247|099c17_6cad1e_251|e5304d_3ac2c4_255|0a1975_ed60f4_259|105e95_757b77_263|29966e_287f4b_267|5c3364_0dc733_271|8420a8_80cd58_275|1972aa_efa50e_279|85c00a_c0fdbe_283|5d172e_c9ff13_287|c6c910_01a78f_291|3a881d_80de4a_295|b0b21d_7657a8_299|cd2f0c_6660d3_303|9a0cb3_2e3533_307|4462cc_ff854b_311|2c59ed_bdc777_315|ad80a3_2f7239_319|b1b468_8c8524_323|9d8807_aaa73c_327|990402_4a28da_331|41709e_47cba6_335|6b5136_4ae785_339|5d55bf_c1d184_343|761ea9_408bd5_347|be3352_88599a_351|36c0ec_134d31_355|4acd78_2cee1b_359;;-1
7/c;PE;3;7C;510853_72aa91_242|06c1d2_76f981_246|dd28c1_56338a_250|20a276_cf8bf1_254|caea12_578d9b_258|def34d_0656d3_262|0ef8d8_ab9b3d_266|66645d_495e98_270|c04381_92e42b_274|e6e8ae_e6e16e_278|9e3d2c_4a3b62_282|94429a_d0aae9_286|1a8d63_f452f2_290|8fe1db_1025a4_294|2056dd_fa6159_298|8876d5_dd3416_302|e9839b_57692f_306|8297ba_f651c3_310|295865_8cb6ac_314|894a87_47b0af_318|3af4e2_edd562_322|ae486c_a2cb50_326|204272_0ecc95_330|b3a92e_548e83_334|8c3adb_6feea0_338|39c27a_a77a41_342|fbaea9_cad9f0_346|3c9f6a_139db2_350|b9647f_ba03a1_354|18ae0e_1b3cb3_358;;-1
7/d;PE;3;7D;7f4710_2f7672_241|9f3c7d_75e448_245|cbe4c2_b1dda2_249|7bb899_f4511d_253|ca7115_cd42a6_257|ff5334_ab401f_261|cc9788_d47550_265|7bd716_0a7c46_269|45cb85_f04bed_273|12bf1f_27a024_277|4ba0b4_ca3943_281|16f3a2_3f3b89_285|a0de88_7c86ee_289|d9a161_4a6d51_293|f335f6_36adc3_297|4bede8_b95e4a_301|ce8266_7dc7b4_305|1418bb_67484f_309|3fb0ed_ae19ae_313|8308f9_fd5d04_317|b089e1_ffae9e_321|e699a1_c1c715_325|11e926_a313ca_329|a199e5_ba39d1_333|3adc76_f55652_337|7a855e_f87391_341|354fe1_26887d_345|0a0a1f_29d449_349|bd3852_c47b11_353|b9a8a9_5c2e5e_357;;-1
7/a;CLASS;1;7A;516e3a_f72cd3_244|9e0ac4_0a3b6f_248|ac5de6_1ff381_252|f077d5_c69926_256|6a7f12_5d9439_260|2d0feb_e59f04_264|bb56ad_ed3a69_268|dc8972_a42cc0_272|deb912_93ff6d_276|ea0e05_3d134a_280|482e8b_1b46a6_284|67c196_09a0ab_288|f7eb00_45c651_292|8b75b5_fea0e6_296|616cd7_98e773_300|014356_02c522_304|938a18_0764e3_308|dbbf6f_59b4b4_312|5cfbd2_7d7931_316|d0fccc_5e710d_320|f279e9_69211b_324|76c547_f432c4_328|fe48b7_78059c_332|6f9c2e_b05cf0_336|f99631_8a7f6b_340|0f6063_8c5a2e_344|9d4951_f0f3e4_348|984876_40bf04_352|a6e3ee_66a51b_356|832629_d8aa5a_360;;-1
7/b;CLASS;1;7B;733423_307157_243|a8967b_95c008_247|099c17_6cad1e_251|e5304d_3ac2c4_255|0a1975_ed60f4_259|105e95_757b77_263|29966e_287f4b_267|5c3364_0dc733_271|8420a8_80cd58_275|1972aa_efa50e_279|85c00a_c0fdbe_283|5d172e_c9ff13_287|c6c910_01a78f_291|3a881d_80de4a_295|b0b21d_7657a8_299|cd2f0c_6660d3_303|9a0cb3_2e3533_307|4462cc_ff854b_311|2c59ed_bdc777_315|ad80a3_2f7239_319|b1b468_8c8524_323|9d8807_aaa73c_327|990402_4a28da_331|41709e_47cba6_335|6b5136_4ae785_339|5d55bf_c1d184_343|761ea9_408bd5_347|be3352_88599a_351|36c0ec_134d31_355|4acd78_2cee1b_359;;-1
7/c;CLASS;1;7C;510853_72aa91_242|06c1d2_76f981_246|dd28c1_56338a_250|20a276_cf8bf1_254|caea12_578d9b_258|def34d_0656d3_262|0ef8d8_ab9b3d_266|66645d_495e98_270|c04381_92e42b_274|e6e8ae_e6e16e_278|9e3d2c_4a3b62_282|94429a_d0aae9_286|1a8d63_f452f2_290|8fe1db_1025a4_294|2056dd_fa6159_298|8876d5_dd3416_302|e9839b_57692f_306|8297ba_f651c3_310|295865_8cb6ac_314|894a87_47b0af_318|3af4e2_edd562_322|ae486c_a2cb50_326|204272_0ecc95_330|b3a92e_548e83_334|8c3adb_6feea0_338|39c27a_a77a41_342|fbaea9_cad9f0_346|3c9f6a_139db2_350|b9647f_ba03a1_354|18ae0e_1b3cb3_358;;-1
7/d;CLASS;1;7D;7f4710_2f7672_241|9f3c7d_75e448_245|cbe4c2_b1dda2_249|7bb899_f4511d_253|ca7115_cd42a6_257|ff5334_ab401f_261|cc9788_d47550_265|7bd716_0a7c46_269|45cb85_f04bed_273|12bf1f_27a024_277|4ba0b4_ca3943_281|16f3a2_3f3b89_285|a0de88_7c86ee_289|d9a161_4a6d51_293|f335f6_36adc3_297|4bede8_b95e4a_301|ce8266_7dc7b4_305|1418bb_67484f_309|3fb0ed_ae19ae_313|8308f9_fd5d04_317|b089e1_ffae9e_321|e699a1_c1c715_325|11e926_a313ca_329|a199e5_ba39d1_333|3adc76_f55652_337|7a855e_f87391_341|354fe1_26887d_345|0a0a1f_29d449_349|bd3852_c47b11_353|b9a8a9_5c2e5e_357;;-1
7/a+b+c+d/pe;ES_PE;4;7A|7B|7C|7D;bd3852_c47b11_353|11e926_a313ca_329|ce8266_7dc7b4_305|4ba0b4_ca3943_281|ca7115_cd42a6_257|b9647f_ba03a1_354|204272_0ecc95_330|e9839b_57692f_306|9e3d2c_4a3b62_282|caea12_578d9b_258|36c0ec_134d31_355|990402_4a28da_331|9a0cb3_2e3533_307|85c00a_c0fdbe_283|0a1975_ed60f4_259|a6e3ee_66a51b_356|fe48b7_78059c_332|938a18_0764e3_308|482e8b_1b46a6_284|6a7f12_5d9439_260;;-1
7/a+b+c+d/art;ES_ART;4;7A|7B|7C|7D;7a855e_f87391_341|8308f9_fd5d04_317|d9a161_4a6d51_293|7bd716_0a7c46_269|9f3c7d_75e448_245|39c27a_a77a41_342|894a87_47b0af_318|8fe1db_1025a4_294|66645d_495e98_270|06c1d2_76f981_246|5d55bf_c1d184_343|ad80a3_2f7239_319|3a881d_80de4a_295|5c3364_0dc733_271|a8967b_95c008_247|0f6063_8c5a2e_344|d0fccc_5e710d_320|8b75b5_fea0e6_296|dc8972_a42cc0_272|9e0ac4_0a3b6f_248;;-1
7/a+b+c+d/eco;ES_ECOLOGY;4;7A|7B|7C|7D;b9a8a9_5c2e5e_357|a199e5_ba39d1_333|1418bb_67484f_309|16f3a2_3f3b89_285|ff5334_ab401f_261|18ae0e_1b3cb3_358|b3a92e_548e83_334|8297ba_f651c3_310|94429a_d0aae9_286|def34d_0656d3_262|4acd78_2cee1b_359|41709e_47cba6_335|4462cc_ff854b_311|5d172e_c9ff13_287|105e95_757b77_263|832629_d8aa5a_360|6f9c2e_b05cf0_336|dbbf6f_59b4b4_312|67c196_09a0ab_288|2d0feb_e59f04_264;;-1
7/a+b+c+d/cut;ES_COMPUTER_SCIENCE;4;7A|7B|7C|7D;354fe1_26887d_345|b089e1_ffae9e_321|f335f6_36adc3_297|45cb85_f04bed_273|cbe4c2_b1dda2_249|fbaea9_cad9f0_346|3af4e2_edd562_322|2056dd_fa6159_298|c04381_92e42b_274|dd28c1_56338a_250|761ea9_408bd5_347|b1b468_8c8524_323|b0b21d_7657a8_299|8420a8_80cd58_275|099c17_6cad1e_251|9d4951_f0f3e4_348|f279e9_69211b_324|616cd7_98e773_300|deb912_93ff6d_276|ac5de6_1ff381_252;;-1
7/a+b+c+d/fre;ES_FRENCH;4;7A|7B|7C|7D;3adc76_f55652_337|3fb0ed_ae19ae_313|a0de88_7c86ee_289|cc9788_d47550_265|7f4710_2f7672_241|8c3adb_6feea0_338|295865_8cb6ac_314|1a8d63_f452f2_290|0ef8d8_ab9b3d_266|510853_72aa91_242|6b5136_4ae785_339|2c59ed_bdc777_315|c6c910_01a78f_291|29966e_287f4b_267|733423_307157_243|f99631_8a7f6b_340|5cfbd2_7d7931_316|f7eb00_45c651_292|bb56ad_ed3a69_268|516e3a_f72cd3_244;;-1
7/a+b+c+d/work;ES_WORK_THEORY;4;7A|7B|7C|7D;0a0a1f_29d449_349|e699a1_c1c715_325|4bede8_b95e4a_301|12bf1f_27a024_277|7bb899_f4511d_253|3c9f6a_139db2_350|ae486c_a2cb50_326|8876d5_dd3416_302|e6e8ae_e6e16e_278|20a276_cf8bf1_254|be3352_88599a_351|9d8807_aaa73c_327|cd2f0c_6660d3_303|1972aa_efa50e_279|e5304d_3ac2c4_255|984876_40bf04_352|76c547_f432c4_328|014356_02c522_304|ea0e05_3d134a_280|f077d5_c69926_256;;-1
